id,language,source_article,reference_summary,zero_shot_prediction,lead_1_prediction,lead_3_prediction
world-middle-east-50947324,english,"An accomplice, whose nationality was not given, was jailed for 12 years. At least three people were wounded in the attack on 11 November, which the authorities blamed on al-Qaeda. It is believed to have been the first such incident since the Saudi government began easing restrictions on entertainment in the kingdom. Last month's attack took place at King Abdullah Park, one of several venues hosting the two-month ""Riyadh Season"" entertainment festival. A video posted on social media appeared to show a man wielding a knife rushing onto a stage and stabbing performers before being tackled by a security guard. Last week, Saudi state TV reported that the assailant had acted on the orders of a senior leader of the Yemen-based militant group al-Qaeda in the Arabian Peninsula (AQAP). However, it has not claimed that it was behind the attack. In a separate development on Sunday, Riyadh's police force said on Twitter that it had arrested 88 people on suspicion of sexual harassment. No further details were given, but it came a week after several women alleged on social media that they had been harassed at the MDL Beast music festival in the capital earlier this month. Riyadh police also said that 120 men and women had been arrested for offending public morals, including by wearing ""inappropriate clothes"". The authorities require both men and women to ""dress modestly"" in public, avoiding tight-fitting clothing or clothes with profane language or images. A first-time violation is usually punished with a fine of 100 riyals ($27; £20).","A court in Saudi Arabia has sentenced a Yemeni man to death for a knife attack on members of a Spanish theatre group performing in Riyadh, state TV says.",<extra_id_0> 88 people,"An accomplice, whose nationality was not given, was jailed for 12 years.","An accomplice, whose nationality was not given, was jailed for 12 years. At least three people were wounded in the attack on 11 November, which the authorities blamed on al-Qaeda. It is believed to have been the first such incident since the Saudi government began easing restrictions on entertainment in the kingdom."
uk-england-suffolk-17681942,english,"The Environment Agency's plans for Easton Broad near Southwold would involve the construction of a 1,300ft (400m) clay bank along the B1127. The reed bed to the west will be better protected, but the seaward side would become saline over time. The work is expected to take until 2017 to complete. Easton Broad, which is home to freshwater birds including the bittern, is protected from the sea by a shingle beach which is regularly breached during high or surge tides. New habitats Paul Miller, project manager for the Environment Agency, said: ""We've been monitoring it since 1991 and it's been rolling back 6-9ft (2-3m) per year, so the shingle ridge is not a sustainable option. ""When the area floods with saltwater it's the fish which die, and that's the food source for the bittern, so keeping the freshwater reed bed fresh is quite important."" The road, which runs between Reydon and Wrentham, crosses the broad and is prone to flooding, so it will also be protected by the clay bank, which still needs planning permission. The broad covers 445 acres (180 hectares) but the 125 acres (50 hectares) between the road and sea will get no further protection. Mr Miller said: ""We will find new land and recreate suitable freshwater habitat to offset the losses at Easton Broad, but that will take 10 to 15 years to develop as reed bed."" Nick Collinson, Suffolk Coast and Heaths Area of Outstanding Natural Beauty manager, said: ""It'll maintain the integrity of the freshwater reedbed on the landward side of Potter's Bridge [on the B1127], so in that sense it's helping to control change. ""It's important to protect property on parts of the coast, but in other parts the coast has been changing for millennia - we're quite happy with it."" The Environment Agency is holding a drop-in event at Reydon Village Hall on Thursday to discuss its plans with the public.","A flood protection scheme is being planned to save part of a Suffolk freshwater reed bed from the sea, but allow the rest to become salt marsh.",<extra_id_0> Broad near Southwold,"The Environment Agency's plans for Easton Broad near Southwold would involve the construction of a 1,300ft (400m) clay bank along the B1127.","The Environment Agency's plans for Easton Broad near Southwold would involve the construction of a 1,300ft (400m) clay bank along the B1127. The reed bed to the west will be better protected, but the seaward side would become saline over time. The work is expected to take until 2017 to complete."
world-australia-51731422,english,"By Frances MaoBBC News, Sydney At least that appears to be the nightmare prospect scaring many Australians right now, who have become the latest group to respond to coronavirus fears by buying toilet paper en masse. This is despite authorities stressing there is no shortage - given most of the nation's rolls are made locally. However in Sydney, the nation's largest city, supermarket shelves have been cleared in minutes, forcing one chain to enforce a four-pack buying limit. Police were even called to a dispute on Wednesday, with reports saying a knife was pulled out in an argument over toilet roll between panic buying shoppers. On social media, #toiletpapergate and #toiletpapercrisis were top trending on Wednesday. Rolls were being flogged for hundreds of dollars online, while listeners were calling into radio stations to win packs of 3-ply loo roll. The situation in the past 48 hours has unravelled so much there are also reports of people stealing from public loos. Just what is going on, and why are people acting this way? An uptick in panic The toilet paper problem is not unique to Australia - a similar situation besieged places worse-affected by the virus, such as Singapore, Japan and Hong Kong. Last month, armed robbers stole pallets in Hong Kong following panic-buying induced shortages there. There are reports of toilet paper buy-ups in the US as well. In Australia, the frenzy began on the weekend after new cases of Covid-19 emerged and the first local death was reported - a 78-year-old man in Perth, Western Australia. On Wednesday a 95-year-old who died this week in Sydney also tested positive for the virus. Australia's infection numbers had initially plateaued in the first weeks after the outbreak, following a strict travel ban on visitors from China. What do I need to know about the coronavirus? Reports then on the weekend of an uptick in cases sparked renewed alarm. As of Wednesday, Australia had recorded 41 cases of Covid-19, and one death. These are numbers significantly lower than that of other nations. Official guidance advised people to practice good hygiene and wash their hands. It was also suggested that people could prepare two weeks' worth of food and water, as well as other household goods, if they felt it necessary. The demand for toilet paper surged - ahead of long-life food and other non-perishable goods. Posts on social media showed customers seizing rolls and piling packets on trolleys. Amid these reports, authorities have urged the public to stop panic buying. Australia's chief medical officer Dr Brendan Murphy told parliament this week: ""We are trying to reassure people that removing all of the lavatory paper from the shelves of supermarkets probably isn't a proportionate or sensible thing to do at this time."" Supermarkets Coles and Woolworths have stated there is plenty of stock, while the manufacturer of Kleenex toilet paper in the nation said it was now operating 24hr production lines to meet demand. The government has said that the nation is well-prepared, and taking all active measures to contain the virus. Local cases of transmissions have been relatively isolated so far. However the toilet-roll buying frenzy continues. Driven by fear The buy-up has provoked a collective cringe in some areas. Online, commentators are flummoxed over the need for an item which, were it to run out, does have rougher substitutes. Some have called it the ""dumbest"" crisis drummed up by Australians so far. Others have pointed out, that compared to medicines or face masks or hand sanitiser, it's not even an item that helps to combat the virus' spread. Consumer psychology experts say the behaviour is ""obviously irrational"", and a clear example of herd mentality whipped up by social media and news coverage. The pictures of bare aisles haven't helped. ""What you've got to remember is that when 50 packs of toilet paper rolls disappear off shelves, you really notice it because they take up so much room,"" says Prof Debra Grace from Griffith University. ""It's much more noticeable than say 50 cans of baked beans or hand sanitiser disappearing."" FOMO syndrome - or Fear Of Missing Out - is in full force here says Associate Professor Nitika Garg from the University of New South Wales. ""They think if this person is buying it, if my neighbour is buying there's got to be a reason and I need to get in too,"" she told the BBC. Prof Garg compares the rush to what occurred in many Asian nations. She notes that in China for example, there was a greater motivation to stock up on white ply because ""there's a thinking that toilet paper can be substituted for tissues and napkins and to make makeshift masks"". Using toilet paper as a medical resource isn't fuelling the Australian demand so far, she says. The local buy-up is driven by fear. She suggests the situation is unprecedented. Australians have stocked up on household goods before but it's been due to a natural disaster like a bushfire or cyclone, and restricted to certain communities. ""But when it comes to coronavirus, people aren't certain as to how things are going to pan out, or how much worse it's going to get,"" Prof Garg says. ""They want to be prepared because it's the one thing they can do to get some sense of control."" Another consumer expert, Dr Rohan Miller from the University of Sydney, believes it is a reflection of an urbanised society and lifestyle where modern convenience reigns supreme. ""We're not used to shortages and scarcity, we're used to being able to pick and choose what we want, when we want. So the rush to get toilet paper is just this sheep mentality to maintain that status,"" he says. Soft, white squares of toilet roll - marketed with pictures of puppies and pure snow - are a daily ""luxury"" that Australians and others just aren't willing to mentally part with. ""I think people want to make sure they have some comforts in their lives if they're going to be shacked up with their family for a long time,"" he says. ""Toilet paper doesn't really matter - it's just so far down the survival list compared to other things like food or water - but it's just something people cling to as a minimum standard.""",Perhaps the worst doomsday scenario is this: being stuck on the toilet and finding you're down to the last square.,<extra_id_0> an uptick in panic,"By Frances MaoBBC News, Sydney At least that appears to be the nightmare prospect scaring many Australians right now, who have become the latest group to respond to coronavirus fears by buying toilet paper en masse.","By Frances MaoBBC News, Sydney At least that appears to be the nightmare prospect scaring many Australians right now, who have become the latest group to respond to coronavirus fears by buying toilet paper en masse. This is despite authorities stressing there is no shortage - given most of the nation's rolls are made locally. However in Sydney, the nation's largest city, supermarket shelves have been cleared in minutes, forcing one chain to enforce a four-pack buying limit."
world-europe-57009321,english,"A separate cluster of 32 cases came after a person was infected at a family gathering in the county and continued to go to work, while 19 cases followed an 18th birthday party. The details emerged at a media briefing with Ireland's deputy chief medical officer, Dr Ronan Glynn. Donegal currently has Ireland's highest Covid-19 rate. The 14-day incidence rate of Covid-19 per 100,000 people in County Donegal was 307.8, as of Wednesday, while the rate for the country as a whole was 134.4. Last week, Dr Tony Holohan, the country's chief medical officer spoke about his concerns about the ""levels of non-compliance"" with Covid-19 restrictions in the county. On Tuesday, An Garda Síochána (Irish police) launched a phone line in Donegal to encourage people to let them know if they see restrictions being broken. Dr Glynn told the briefing that Donegal was not being singled-out for blame. ""It would be very strange for us to preside over a situation where [the] incidence is very high and increasing in a county and not draw attention to that,"" he said. ""This is not in any way a reflection on the majority but, clearly, there are a number of incidents where people have pushed the boundaries"". He said such behaviour was not exclusive to Donegal, adding: ""I suppose the difference, at the moment, versus some other places where we have particularly high incidences, is that there are large clusters driving incidences"". On Wednesday, a second testing centre opened in the county in a bid to curb the spread of infection. It is part of measures being implemented to combat a surge in cases in the Milford area. The incidence rate in the Milford electoral area is 675.3, according to the most recent government data, while in neighbouring Letterkenny it is 594.1. The Republic of Ireland's Level Five restrictions are being eased from 10 May.","Eighty-four cases of Covid-19 have been linked to a wake in County Donegal, health officials have said.",<extra_id_0>.com,"A separate cluster of 32 cases came after a person was infected at a family gathering in the county and continued to go to work, while 19 cases followed an 18th birthday party.","A separate cluster of 32 cases came after a person was infected at a family gathering in the county and continued to go to work, while 19 cases followed an 18th birthday party. The details emerged at a media briefing with Ireland's deputy chief medical officer, Dr Ronan Glynn. Donegal currently has Ireland's highest Covid-19 rate."
business-21055640,english,"Ignoring the effect of store openings and closures, sales in the 12 weeks to 5 January were up 7% from last year. UK and Ireland sales rose 8%, despite the lure of fire-sale prices at Comet, the electrical retailer's main rival which collapsed just before Christmas. Despite the results, markets initially fretted at thinner profit margins and problems at Dixons' French online unit. The company's share price dropped 3.4% at the start of London trading on Thursday, before recovering to end the day up 0.5%. This retailer's shares had dropped a cumulative 3.2% over the previous two days on fears of poor sales figures that proved unfounded. Dixons conceded that its profit margins had been squeezed during the reporting period, but attributed this to a change in the mix of products that customers were buying - with low-margin tablet computers selling particularly well - rather than rising costs or price discounts. Full-year profits would be £75m-£85m, the firm said. Mixed fortunes The retailer continues to face problems with its continental business. Sales in southern Europe - including Italy and Greece - fell 8% but remained profitable, while in northern Europe they rose 11%, reflecting the mixed fortunes of the various eurozone economies. Sales fell 25% at Dixons' troubled French online retailer Pixmania. Dixons bought out the remaining shares in Pixmania last year in an attempt to turn the business around, and has been forced to write off much of the value of its investment. ""The single-channel operation Pixmania was disappointing, but we are making good progress in our restructuring plans, which are designed to put the business on a better financial footing,"" said chief executive Sebastian James.","Dixons Retail, owner of Currys and PC World, has reported robust sales growth over the Christmas period.",<extra_id_0>.com,"Ignoring the effect of store openings and closures, sales in the 12 weeks to 5 January were up 7% from last year.","Ignoring the effect of store openings and closures, sales in the 12 weeks to 5 January were up 7% from last year. UK and Ireland sales rose 8%, despite the lure of fire-sale prices at Comet, the electrical retailer's main rival which collapsed just before Christmas. Despite the results, markets initially fretted at thinner profit margins and problems at Dixons' French online unit."
uk-england-50949041,english,"One project saw 320 whales, dolphins and porpoises spotted off the Yorkshire coast, conservationists said. And 483 grey seals including seven pups were recorded in Cumbria, a 34% rise from last year. The Wildlife Trusts said there had been ""a sea-change in people's attitudes"" but UK waters were still at risk from invasive species and plastic rubbish. The organisation is a combination of 46 individual wildlife trusts around the country, each of which are charities run by members and volunteers. The Yorkshire project saw trained citizen scientists recording hundreds of individual sightings. Photographs captured a pod of bottlenose dolphins travelling from Scotland to Flamborough Head in East Yorkshire, the furthest south they had been officially identified. Bex Lynam, North Sea Wildlife Trusts' marine advocacy officer, said: ""It's likely the bottlenose dolphins came south following shoals of fish; it's thrilling to see playful dolphins and ocean giants like whales. ""Ten years ago, seeing a bottlenose dolphin off the Yorkshire coast would have been rare. ""We need to collect more data about how and why they are using these waters if we are to better protect them."" Researchers also logged minke whales feeding off Staithes, in North Yorkshire. Cumbria Wildlife Trust said it had reported more grey seals at South Walney nature reserve than ever before. Last year it had recorded 360. A seal was also discovered commuting between the Isle of Man and Cornwall, revealing for the first time how far seals would travel for food and a place to have pups. Photographs sent by the Manx Wildlife Trust to the Cornwall Seal Group revealed the animal, nicknamed Tulip Belle, has been a regular visitor to the South West since 2001, returning to the Calf of Man to have pups every couple of years. Joan Edwards, The Wildlife Trusts' director of living seas, said ""more people than ever"" were volunteering to help the coast, amid growing concern over wildlife, climate change and pollution. But the trusts said wildlife was ""increasingly being disturbed by people"" including people on personal watercraft frightening dolphins and kayakers scaring seals.","More than 800 sightings of whales, dolphins and seals have been recorded in British waters this year.",<extra_id_0> of whales,"One project saw 320 whales, dolphins and porpoises spotted off the Yorkshire coast, conservationists said.","One project saw 320 whales, dolphins and porpoises spotted off the Yorkshire coast, conservationists said. And 483 grey seals including seven pups were recorded in Cumbria, a 34% rise from last year. The Wildlife Trusts said there had been ""a sea-change in people's attitudes"" but UK waters were still at risk from invasive species and plastic rubbish."
uk-england-cumbria-56013821,english,"Matt Hood, principal of the online Oak National Academy, said early years teaching was ""sophisticated"" and it was ""unreasonable"" to expect parents to master it. He said we may see the impact when pupils sit GCSEs 10 years from now. The government said more than £1bn was being spent to help pupils catch up. Mr Hood, from Penrith in Cumbria, said there had been a six-month disruption in schooling, adding: ""The year groups I'm most worried about are reception and Year 1. ""I cannot stress enough how critical those early years are, focussed on learning sounds, how to read and count, those things are so fundamental. ""They are some of the most sophisticated things to teach, it's not something you can reasonably expect any parent at home to become an expert in teaching."" Mr Hood, an economics teacher who is also chair of governors at Bay Leadership Academy in Morecambe, said teachers were experts at identifying variations in an individual pupil's knowledge and abilities and plugging gaps. He said: ""What we are going to see is that variation being significantly more complicated because what the teachers do not know is the extent to which every pupil has completed all their work in the way they would have in the school building."" The priority when full schooling resumes would be to ""identify gaps"" with each child, Mr Hood said. ""The big risk is we create a never-ending cycle of pupils needing to catch up. ""One of the worst things you can do in most cases is take them out of their lessons to catch up. We want to them to spend their time with the most expert person they can, and that is their teacher."" Mr Hood has also worked with data companies to allow pupils free access to educational websites, as well as promoted drives to get internet-enabled devices to all children so ""disadvantaged"" pupils do not miss out further. A Department for Education spokeswoman said: ""The government will work with parents, teachers and schools to develop a long-term plan to make sure pupils have the chance to make up their lost education."" Follow BBC North East & Cumbria on Twitter, Facebook and Instagram. Send your story ideas to northeastandcumbria@bbc.co.uk. Related Internet Links Oak National Academy Online Classroom","Covid-caused disruption for children learning the basics of reading and counting could pose problems for years to come, a head teacher has warned.",<extra_id_0> to catch up,"Matt Hood, principal of the online Oak National Academy, said early years teaching was ""sophisticated"" and it was ""unreasonable"" to expect parents to master it.","Matt Hood, principal of the online Oak National Academy, said early years teaching was ""sophisticated"" and it was ""unreasonable"" to expect parents to master it. He said we may see the impact when pupils sit GCSEs 10 years from now. The government said more than £1bn was being spent to help pupils catch up."
uk-wales-politics-48914809,english,"Steven Armstrong told MPs that leaving the EU is ""not the reason"" behind the closure. Ford announced last month that the plant in south Wales would close in 2020 with the loss of 1,700 jobs. Mr Armstrong told MPs that a downturn in demand meant the plant was no longer sustainable. First Minister Mark Drakeford has claimed that Brexit was in the background of the decision to close the site. ""We've been talking a long time about the implications of a hard Brexit,"" Ford of Europe chairman Mr Armstrong said. ""I've been very vocal publicly around the fact that a no deal Brexit would be a catastrophe for our industry. ""I want to make it very clear the sustainability of the Bridgend plan is not directly linked to whether we do or don't believe there will be a hard Brexit."" He added: ""Brexit is not the reason."" Mr Armstrong also said the decision to close the plant was delegated from company bosses in Detroit and made by the British board on 5 June. Cardiff North Labour MP Anna McMorrin said Ford is the ""kind of company that shafts its British workers"". Mr Armstrong denied it was the case. He was also asked if other UK factories were safe, and under a hard Brexit scenario. He said: ""If we face tariffs and friction at borders, that would put significant burden on our business - $1bn year cost (£798m). That would cause us to have to think what our footprint would be."" Mr Armstrong added: ""We believe over time that electrification is the way forward for the industry, the speed with which that electrification comes has consequences as we try to disposition the historic assets we have got. ""Unfortunately Bridgend is one of the first being impacted by that.""","Brexit was not a factor in Ford's decision to close its engine plant in Bridgend, the company's European boss has said.",<extra_id_0> is not the case.,"Steven Armstrong told MPs that leaving the EU is ""not the reason"" behind the closure.","Steven Armstrong told MPs that leaving the EU is ""not the reason"" behind the closure. Ford announced last month that the plant in south Wales would close in 2020 with the loss of 1,700 jobs. Mr Armstrong told MPs that a downturn in demand meant the plant was no longer sustainable."
uk-wales-35689878,english,"One will look at improving early cancer diagnosis with GPs and the other will focus on research into treatment for patients with bowel cancer. Bowel cancer is the second leading cause of death from cancer in Wales with almost 1,000 patients dying from the disease every year. The funding came from Cancer Research Wales as the charity marked its 50th anniversary. It usually spends £1m a year on various projects but this announcement was made on top of that. ""This is an unprecedented amount of money that we'll be funding,"" said Liz Andrews, charity director of Cancer Research Wales. ""These two projects can make a massive difference. ""They are two areas where there is direct patient benefit which is so very important for the nature of the research projects which we fund."" 'Surviving longer' Richard Neal, a GP and professor of primary care at Bangor University, has received £800,000 to focus on cancer diagnosis. ""We're going to really get to the bottom of how GPs can improve their cancer referrals with the intention of diagnosing cancer earlier and surviving longer,"" he said. ""We know GPs in Wales don't refer patients as quickly as other countries so what we're trying to do is understand why that happens and develop tools... to get GPs to think about cancer as a possibility earlier and refer those patients earlier for testing."" The other £800,000 will be used at Cardiff's University Hospital of Wales where Prof Andrew Godkin and his team hope to discover and develop new and more effective forms of immunotherapy for bowel cancer. ""Over the last 10 years we've identified quite clearly that the immune system does recognise colorectal cancer,"" he said. ""But it sees cancerous cells in the context of a very long passage of time and it sees it as part of normal tissue."" Prof Godkin added: ""We have population of cells which turn off these immune responses and if we remove them either from the cancer itself or from the blood stream you can then measure really effective anti-cancer immune responses. ""There's no doubt that the immune system can recognise and destroy tumours. ""We want to make a treatment that is for everyone and to do this we need to identify common targets that we find in most tumours and now we think we've got two or three excellent candidates that are expressed in most tumours and this is what we're going to try to generate vaccines against.""","An ""unprecedented"" £1.6m has been pledged to two Welsh cancer projects.",<extra_id_0> longer',One will look at improving early cancer diagnosis with GPs and the other will focus on research into treatment for patients with bowel cancer.,"One will look at improving early cancer diagnosis with GPs and the other will focus on research into treatment for patients with bowel cancer. Bowel cancer is the second leading cause of death from cancer in Wales with almost 1,000 patients dying from the disease every year. The funding came from Cancer Research Wales as the charity marked its 50th anniversary."
uk-29685096,english,"Society of Radiographers members were on strike from 09:00-13:00 BST, and will follow a work-to-rule policy for the rest of the week. The society said urgent care would still be provided. Thousands of NHS staff including nurses and midwives held a strike last Monday. The Department of Health said it was ""disappointed"" by the radiographers' strike and said a larger pay rise would risk front-line jobs. The strike was held across the UK due to an ""ongoing pay freeze"" and because the government ""rejected a recommended 1% pay rise"" for staff in England, the society said. An independent pay review board proposed a 1% increase for all NHS staff but ministers decided to exclude staff who receive progression-in-the-job rises. These, designed to reward professional development, are given to about half of staff, and are worth 3% a year on average. The pay proposal was implemented for all NHS workers in Scotland, and Northern Ireland is yet to make a decision. Wales did the same as England but gave extra money to the lowest-paid staff. It is not clear how many patients will be affected but the Society of Radiographers said 400 scans and X-rays had been cancelled across Wales on Monday. The action is the society's first UK-wide strike for more than 30 years - and it warned there was a ""possibility of more action"". ""The anger that they and other health professionals feel is very strong,"" said Richard Evans, the society's chief executive. ""Radiographers will try and keep the effect on patients to a minimum but radiographers and other health-care workers have got to the stage that they feel there is no alternative. ""Unless we show the government that we are serious about our claim that NHS staff should be treated fairly, they will continue to take advantage of our goodwill."" He also said there was a shortage of radiographers, which was already affecting patients and was likely to get worse if staff did not get ""reasonable and proper recognition"" of their work. A Department of Health spokesman said: ""NHS staff are our greatest asset, and we've increased the NHS budget to pay for over 12,500 more clinical staff since 2010. ""We cannot afford a pay rise in addition to increments - which disproportionately reward the highest earners - without risking front-line jobs."" Last Monday's NHS strike was also followed by four days of work-to-rule, during which staff refused to do unpaid overtime and insisted on taking their breaks. Tens of thousands of people joined anti-austerity protests Belfast, Glasgow and London on Saturday.",Radiographers have gone on strike over pay in the latest walkout by NHS staff.,<extra_id_0>ers strikes,"Society of Radiographers members were on strike from 09:00-13:00 BST, and will follow a work-to-rule policy for the rest of the week.","Society of Radiographers members were on strike from 09:00-13:00 BST, and will follow a work-to-rule policy for the rest of the week. The society said urgent care would still be provided. Thousands of NHS staff including nurses and midwives held a strike last Monday."
uk-scotland-scotland-politics-47736303,english,"All 35 SNP MPs abstained in a Commons vote on whether there should be customs union with the EU after Brexit. Tory interim leader Jackson Carlaw said the SNP had ""refused to back the very option they have been demanding"" and accused Ms Sturgeon of ""faux outrage"". Ms Sturgeon said remaining in the EU must now be the top priority. And she said her party would continue to ""stand up for Scotland's interests"" by pushing for another referendum on EU membership. The exchanges in the Scottish Parliament came the day after MPs at Westminster failed to find a majority for a way forward after voting for eight different Brexit options on Wednesday evening, leaving the process in deadlock. The customs union option would have been successful if the SNP had voted for it instead of abstaining. Speaking during first minister's questions, Mr Carlaw said that ""when push came to shove for the SNP it's not about finding a solution to Brexit, it's about pursuing their independence obsession"". He said: ""There was no principle in the way the SNP voted last night. What I saw in contrast was a prime minister prepared to set aside her own premiership to secure a deal which, contrary to everything the SNP says, will be good for Scotland and will be good for the UK."" Theresa May has said she will stand down as prime minister if her withdrawal deal is accepted, which has secured some further support for her plan but it still opposed by the DUP and some other Brexiteers. Ms Sturgeon predicted immediately after the prime minister's announcement that her departure would make the Brexit process ""even worse"" and ""further reinforce"" the case for independence. Mr Carlaw said Ms Sturgeon's comments had displayed her ""faux outrage, grievance and her own single minded obsession"" and asked: ""Aren't Scots right to detect just a little bit of a pattern here?"" He also said Mrs May's deal was the ""only credible way forward"", and was supported by Scotland's business leaders, whisky and fishing industries. He said: ""Surely after all the confusion, with every other alternative being rejected yesterday, the national interest is served by supporting that compromise? Surely it's time to back the deal and get on with it?"" In response, Ms Sturgeon pointed out that Scottish Secretary David Mundell abstained in all eight of Wednesday's votes. And she said the SNP had spent two years arguing for membership of both the customs union and single market after Brexit - which was not an option that was on the table in the Commons votes. Ms Sturgeon told him: ""For two long years when stopping Brexit didn't seem possible the SNP argued for single market/customs union membership compromise. That was ignored by the Tories and indeed everybody else. ""Now that option , which I think is the minimum you would need to protect Scotland's interests, wasn't actually on the ballot paper last night. ""That said, over the next few days we will continue to work across Parliament for a compromise of that nature, if that proves to be the only alternative to a hard Brexit."" Ms Sturgeon said the process of leaving the EU was now ""such a mess"" that ""stopping Brexit altogether must be our top priority"". 'Utterly ridiculous' The first minister added: ""Theresa May must be the only leader in living memory who has tried to fall on her own sword and has managed to miss - it is utterly ridiculous. ""The SNP, in contrast to the Tories, will continue to stand up for Scotland's interests. That's what we have done since day one after the Brexit referendum. ""The way to stand up not just for Scotland's interests but for the interests of the entire UK right now is to recognise that this Brexit process is a complete and utter mess and put this issue back to the people."" Two SNP MPs - Angus MacNeil and Pete Wishart - rebelled by abstaining in a vote on whether there should be another EU referendum. The rest of the party's MPs voted in favour of the proposal. The Scottish Parliament voted by 89 to 28 on Wednesday for a motion calling for Article 50 to be revoked as a last resort, if it is the only alternative to a no-deal Brexit. A cross party group of politicians including Green MSPs Andy Wightman and Ross Greer won a case in the European Court last year which ruled that the UK could unilaterally withdraw its Article 50 notification at any time prior to its exit from the EU. It has now emerged through an FOI request that the UK government has paid £146,381.13 on counsel fees and court fees in connection with the case. The figure does not include expenses of the petitioners or the additional parties, which will be settled and paid in due course. What happens next? MPs will be asked to vote again on Brexit on Friday but only on part of the deal negotiated with the EU, They will vote on the withdrawal agreement - covering the ""divorce bill"", citizens' rights and the controversial Irish ""backstop"", but the political declaration covering the UK's future relationship with the EU will not be put to the vote. If MPs back it, the government says the UK will leave the EU on 22 May. How MPs voted on Wednesday","Nicola Sturgeon is more interested in pushing for independence than she is in finding a solution to Brexit, the Scottish Conservatives have claimed.",<extra_id_0> for independence.,All 35 SNP MPs abstained in a Commons vote on whether there should be customs union with the EU after Brexit.,"All 35 SNP MPs abstained in a Commons vote on whether there should be customs union with the EU after Brexit. Tory interim leader Jackson Carlaw said the SNP had ""refused to back the very option they have been demanding"" and accused Ms Sturgeon of ""faux outrage"". Ms Sturgeon said remaining in the EU must now be the top priority."
uk-politics-eu-referendum-36639770,english,"By Gabriel GatehouseBBC Newsnight Fabian Picardo, the territory's chief minister, told the BBC he was speaking to Scotland's First Minister, Nicola Sturgeon, about various options. One possibility under discussion is for Gibraltar and Scotland, which both voted to remain in the EU, to maintain the UK's membership of the bloc. Ms Sturgeon confirmed to the BBC that talks are under way with Gibraltar. Northern Ireland could also potentially be included in the discussions. ""I can imagine a situation where some parts of what is today the member state United Kingdom are stripped out and others remain,"" Mr Picardo told Newsnight. ""That means that we don't have to apply again for access, we simply remain with the access we have today, and those parts that leave are then given a different sort of access, which is negotiated but not necessarily under Article 50,"" he said, referring to a provision in the Lisbon Treaty that sets out how a member state can voluntarily leave the Union. Past precedents There is a precedent for such a proposal. Denmark joined what was then the EEC in 1973, the same year as the UK and Ireland. Greenland gained autonomy from Denmark in 1979 and seceded from the EU in 1985, following a referendum three years earlier. Nicola Sturgeon has previously said that a second referendum on independence for Scotland is ""highly likely"", following last Thursday's Leave victory. More than 95% of Gibraltarians voted for Remain on Thursday. The vast majority also want to remain in the UK. The territory overwhelmingly rejected a proposal to share sovereignty with Spain in a referendum in 2002. Mr Picardo insisted Gibraltar's status as a British Overseas Territory should not mean giving up its membership of the EU. ""The position of the people of Gibraltar is that we've expressed, perhaps even more clearly than the Scots, what our view is going forward, what should happen - that we should continue to have access to the single market to the European Union. My obligation is to protect and promote the interests of Gibraltar and to find such partners who may be willing to do the same thing within the United Kingdom."" Spain's claims Following the referendum last week, Spain again raised the issue of joint sovereignty of Gibraltar. ""The Spanish flag on the Rock is much closer than before,"" Spain's acting Foreign Minister Jose Manuel Garcia-Margallo said on Friday. But speaking in his first broadcast interview since the referendum on Thursday, Fabian Picardo said any claims by Spain to the territory would be dismissed out of hand. ""Anybody who thinks that this is a time to propose joint sovereignty or that they're going to get any millimetre of advantage in respect of the sovereignty of Gibraltar is completely wrong. They shouldn't waste their breath, they shouldn't waste their time, they shouldn't waste the time of the European people as we try to navigate this issue that has been presented to us on Friday morning."" Gabriel Gatehouse is in Gibraltar for BBC Newsnight. Watch his report on the programme at 22:30 BST on BBC Two.","Gibraltar is in talks with Scotland about a plan to keep parts of the UK in the EU, BBC Newsnight has learned.",<extra_id_0> of joint sovereignty of Gibraltar,"By Gabriel GatehouseBBC Newsnight Fabian Picardo, the territory's chief minister, told the BBC he was speaking to Scotland's First Minister, Nicola Sturgeon, about various options.","By Gabriel GatehouseBBC Newsnight Fabian Picardo, the territory's chief minister, told the BBC he was speaking to Scotland's First Minister, Nicola Sturgeon, about various options. One possibility under discussion is for Gibraltar and Scotland, which both voted to remain in the EU, to maintain the UK's membership of the bloc. Ms Sturgeon confirmed to the BBC that talks are under way with Gibraltar."
uk-politics-31535635,english,"The party took home £8,345,687, compared to Labour's £7,163,988. Ed Miliband's party remained heavily-backed by trade unions, and was also supported by accountancy firm PricewaterhouseCoopers. Donations to the Lib Dems totalled £3,038,500 - giving the party an annual record total - while UKIP reported £1,505,055 and the Greens £248,520. In total, eight British political parties received £20.3m in donations between October and December 2014, the figures show. This figure is more than £5m higher than the previous quarter - and up £10m on the same three months in 2013. BBC political correspondent Ross Hawkins said donations were higher than normal because of the upcoming general election. ""There are still plenty of people out there who want to give their hard-earned cash to the parties,"" he said. In addition to these donations, six parties accepted £3,834,816 from public funds - mainly so-called Short money to help opposition parties with policy research and other costs - during the final quarter. Unison, Unite and GMB unions were the top three biggest donors in the final quarter of 2014, giving more than £3.6m combined to the Labour Party. Of the top 10 highest spending donors, there were no individuals giving money to Labour but the party did accept £386,605 from PricewaterhouseCoopers (PwC). Senior Labour MP Margaret Hodge, who chairs the Public Accounts Committee, has criticised the shadow cabinet for accepting support from the firm, which her committee accused of ""promoting tax avoidance on an industrial scale"". PwC said at the time that it disagreed with the conclusions of the report. Labour said the company had provided ""longstanding staff support to all three major political parties on a non-party basis"" with the same happening for the Conservatives and Lib Dems under the previous government. This support enables ""better scrutiny of government policy"", a party spokesman said, adding: ""The secondments provided by these companies are often relatively newly qualified staff. Secondees do not influence opposition policy decisions. ""Where organisations provide staff to support research and analysis for opposition parties it is right that these are declared - as currently happens - in the Register of Members' Interests."" Hedge funds Meanwhile, the biggest donor to the Conservatives was Michael D Gooley, the founder of travel agent Trailfinders, who gave the party £500,000. The Lib Dems reported a £400,000 bequest from a party member, Max Batley, while UKIP received £394,254 from Rock Services Limited, the company owned by its largest donor, insurance tycoon Arron Banks. Commenting on the new figures, Conservative Party chairman Grant Shapps said Labour leader Ed Miliband was ""utterly reliant"" on the trade unions. But Labour's shadow Cabinet Office minister Jonathan Ashworth said the Conservatives were dependent on funding from the hedge fund industry and millionaires. The party's analysis of the newly-released data suggested the Tories received almost £2m from donors associated with hedge funds, and £4m from people who had attended private dinners with the PM or other senior ministers. 'Funding reform' Deputy PM and Lib Dem leader Nick Clegg urged all parties to agree a deal to ""clean up party funding... once and for all"". He said a new agreement should be signed within six months of the next government being formed, saying it would be one ""silver lining from the latest controversy on party funding"". Green Party leader Natalie Bennett said the largest parties had kicked party funding reform ""into the long grass"". She added: ""To cut the rot of vested interests from our politics we should move towards a system of state funding for political parties."" The Commons Political and Constitutional Reform Committee chair, Labour MP Graham Allen, has also called for urgent progress on party funding reform. His comments come after the chairman of another parliamentary committee, Lord Bew, warned of ""large-scale public scepticism"" about the way political parties are funded. There have been £65.6m of donations for political parties in 2014. The Conservatives received the most money in donations last year - £28.9m, compared to £18.7m for Labour, £8.2m for the Lib Dems, £3.8m for UKIP and £3.7m for the SNP. Despite recent poor poll performances, the Lib Dems set a new party record, raising £1.5m more in 2014 than their previous annual record.","The Conservatives received the most in donations in the final quarter of 2014, according to the Electoral Commission .",<extra_id_0>.com,"The party took home £8,345,687, compared to Labour's £7,163,988.","The party took home £8,345,687, compared to Labour's £7,163,988. Ed Miliband's party remained heavily-backed by trade unions, and was also supported by accountancy firm PricewaterhouseCoopers. Donations to the Lib Dems totalled £3,038,500 - giving the party an annual record total - while UKIP reported £1,505,055 and the Greens £248,520."
world-africa-24472322,english,"The oil-rich country, a key departure point for some of the thousands of migrants travelling to Europe, once had one of the highest standards of living in Africa, with free healthcare and free education. But the stability that led to its prosperity has been shattered and the capital, Tripoli, is now the scene of fighting between rival forces as negotiations to build a post-Gaddafi Libya stall. Is anyone in control? Only Libya's myriad armed militias really hold any sway - nominally backing two centres of political power in the east and west with parallel institutions. This is under the leadership of Prime Minister Fayez al-Sarraj, an engineer by profession. He arrived in Tripoli in March 2016, four months after a UN-brokered deal to form a unity government, to set up his administration. He has worked to gain the support of the various militias and politicians, but he has little real power and the GNA's writ barely extends inside Tripoli. When those who held power in Tripoli refused to give it up in 2014, the newly elected MPs moved to the port of Tobruk, 1,000km (620 miles) away, along with the old government. In 2015 some of these MPs backed the UN deal for a unity government, but the parliament has since refused to recognise it and has been blocking efforts to organise fresh elections because it wants military strongman Gen Khalifa Haftar, who leads a powerful force called the Libyan National Army (LNA), to be guaranteed a senior role in any new set-up. Some go as far as to suggest that Gen Haftar has ambitions to be ""the Sisi of Libya"", a reference to Gen Abdul Fattah al-Sisi, who seized power in neighbouring Egypt and is his major backer. And it is guns that matter. Some security analysts describe Libya as an arms bazaar. It is awash with weapons looted from Gaddafi's arsenal and from allies in the region supporting rival factions. Militia allegiances often shift out of convenience and with the need to survive. Weren't they all once allies? They were united in their hatred for Gaddafi - but nothing more. There was no single group in charge of the rebellion. Militias were based in different cities, fighting their own battles. They are also ideologically divided - some of them are militant or moderate Islamists, others are secessionists or monarchists, and yet others are liberals. Furthermore, the militias are split along regional, ethnic and local lines, making it a combustible mix. And after more than four decades of authoritarian rule, they had little understanding of democracy. Former US President Barack Obama, in an interview published in April 2016, said that the ""worst mistake"" of his presidency was the failure to prepare for the aftermath of Gaddafi's overthrow. He partly blamed then-UK Prime Minister David Cameron for ""the mess"", saying he had not done enough to support the North African nation. Who is Gen Haftar? He helped Gaddafi seize power in 1969 before falling out with him in the 1980s and going into exile. He returned amid the uprising against Gaddafi to fight against his former boss - and in the aftermath cast himself as the main opponent of the Islamist militias in eastern Libya. For three years he battled various Islamist militias, including groups aligned to al-Qaeda, in the eastern city of Benghazi. However, his critics accused of him of labelling anyone who challenged his authority as ""terrorists"". He is undoubtedly the most-powerful general in Libya, with his forces controlling most of the country, including Benghazi and Sirte, the birthplace of Gaddafi and a former stronghold of Islamic State (IS) group jihadists. He is also believed to control most of Libya's oil reserves. Observers say he has set his sights on the top job, but the main bone of contention has been a clause in the UN-brokered agreement that prevents a military figure taking political office. Does he have international backing? Yes, he has long had the support of Egypt and the UAE - and made a visit to Saudi Arabia a week before he launched the offensive on Tripoli in April 2019. Gen Haftar has made several trips to Russia, been welcomed on a Russian aircraft carrier off Libya, and Russia vetoed a UN Security Council statement condemning his advance on Tripoli. Turkey has also accused Russia of sending about 200 mercenaries to strengthen his forces, an allegation Russia denies. At the same time, Libya's UN-backed government is suspected to have hired Syrian fighters, which the prime minister did not deny in a BBC interview. Turkey has deployed troops to support the UN-backed government, but President Recep Tayyip Erdogan and his Russian counterpart, Vladimir Putin, have come together to try and broker a ceasefire fire. They have had limited success, with Gen Haftar leaving talks in Moscow in mid-January without signing a deal. Observers said it showed that Gen Haftar was not heavily reliant on Russia, for as long as he had the backing of regional superpower Egypt and the UAE. The latest mediation effort came from Germany, which hosted a summit of foreign leaders in Berlin on 20 January. The leaders promised to uphold a UN arms embargo on Libya, but little else was achieved and the chances of a ceasefire taking hold still looked far-fetched. Germany's Foreign Minister Heiko Maas warned that Libya could become a ""second Syria"" and the ""scene of proxy wars"" if peace was not negotiated. Most Western nations back the unity government, but there have been suspicions about France's relationship with the general. Although France denies taking sides in the conflict, French President Emmanuel Macron was the first Western leader to invite Gen Haftar to Europe for peace talks, and France launched air strikes in support of his forces in February 2019. They targeted Chadian opposition forces fighting against the LNA in the south. How popular is Gen Haftar? Like everything in Libya, it is difficult to tell, but voices in western Libya had spoken out in support of him. Some there are fed up with the insecurity, weak governance and the corruption amongst powerful militias who control the capital and feel a strongman may be able to bring some authority to the lawless nation. But others detest his links with Gaddafi when he took power, and his suspected subsequent links with US intelligence. Is the Islamic State (IS) group a factor? The turmoil that followed Gaddafi's fall allowed IS to gain a foothold in the country, taking control of Sirte. But armed groups from the city of Misrata and the central region, which are at times loyal to the unity government, managed to expel the fighters from the city in August 2016 - with Western backing and US air strikes. In January 2019, the city fell to Gen Haftar's forces. IS, which was made up of defectors from local jihadist groups and foreign fighters, does not now control any city or town but still has a presence in various desert hideouts. It is now a diminished force, though it has been behind some attacks in the capital. There are also suspicions that some of the jihadists, along with pro-Gaddafi forces, have moved out of Libya and and have escalated insurgencies in countries like Mali, Niger and Burkina Faso. How is life being affected? People do not feel safe and are constantly on the edge. Women especially feel more threatened when they go out - and kidnappings for ransom are a constant threat. It is not easy to travel around the country as ID cards can identify which area people are from - and more than 200,000 Libyans are internally displaced and 1.3 million need humanitarian aid, according to the UN. The cost of living is also high, there is a shortage of medicines, and there are power cuts in a country that was once regarded as economically successfully.",Libya has been beset by chaos since Nato-backed forces overthrew long-serving ruler Col Muammar Gaddafi in October 2011.,<extra_id_0> Libya,"The oil-rich country, a key departure point for some of the thousands of migrants travelling to Europe, once had one of the highest standards of living in Africa, with free healthcare and free education.","The oil-rich country, a key departure point for some of the thousands of migrants travelling to Europe, once had one of the highest standards of living in Africa, with free healthcare and free education. But the stability that led to its prosperity has been shattered and the capital, Tripoli, is now the scene of fighting between rival forces as negotiations to build a post-Gaddafi Libya stall. Is anyone in control?"
health-20503932,english,"The Liverpool Care Pathway has come under intense scrutiny recently, with claims that some hospitals are abusing its use to cut costs. Medics say the pathway helps patients avoid unnecessary interventions. Care and Support Minister Norman Lamb said he would appoint an independent chair to report back in the new year. Mr Lamb said: ""Care for the dying is an emotive issue and is never an easy subject to discuss. ""It is clear that everyone wants their loved ones' final hours of life to be as pain free and dignified as possible, and the Liverpool Care Pathway is an important part of achieving this aim. ""However, as we have seen, there have been too many cases where patients were put on the pathway without a proper explanation or their families being involved. ""This is simply unacceptable. ""Today I have committed to appoint an independent chair to review how end-of-life care is working and oversee the reviews into the LCP. This will report back to me in the new year."" He said the review would consider the value of locally set incentives, and whether they are leading to bad decisions or practice. ""It is vitally important that everyone can be confident in the findings of this work - and that we learn lessons where they are needed, so we can ensure that end-of-life care is as good as it can be."" The new review will pool together data gathered from existing reviews which are being undertaken by the Association Palliative Medicine, Dying Matters and the national End of Life Care Strategy. The Association Palliative Medicine is examining the implementation of the pathway and the experience of professionals, Dying Matters is looking into the experience of the patient and their loved ones and the End of Life Care Strategy is focusing on complaints surrounding the LCP and end of life care in hospitals.",The government has ordered an independent review into a controversial regime that allows doctors to withdraw treatment in the last days of life.,<extra_id_0> for the dying.,"The Liverpool Care Pathway has come under intense scrutiny recently, with claims that some hospitals are abusing its use to cut costs.","The Liverpool Care Pathway has come under intense scrutiny recently, with claims that some hospitals are abusing its use to cut costs. Medics say the pathway helps patients avoid unnecessary interventions. Care and Support Minister Norman Lamb said he would appoint an independent chair to report back in the new year."
041030_toll_straw,hindi,"प्रसिद्ध शोध पत्रिका 'लैंसेट' में प्रकाशित एक सर्वेक्षण में दावा किया गया है कि ठोस योजना की कमी, गठबंधन सेनाओं के हवाई हमलों और हिंसा के वातावरण की वजह से ये मौते हुई हैं. स्ट्रॉ ने बीबीसी को बताया कि चूंकि सर्वेक्षण लैंसेट के लिए किया गया है, इसलिए इसका अध्ययन किया जाएगा. उन्होंने कहा कि कई अन्य स्वतंत्र सर्वेक्षणों में हमले के परिणामस्वरूप मरे लोगों की कहीं कम संख्या बताई गई है. रिपोर्ट में कहा गया है कि इराक़ में आम लोगों के लिए हिंसा के ज़रिए मौत का ख़तरा अमरीकी गठबंधन के हमले से पहले की तुलना में कुल मिलाकर 58 गुना ज़्यादा बढ़ा है. रिपोर्ट में सार्वजनिक स्वास्थ्य पर अमरीकी नेतृत्व वाले गठबंधन की योजना को बहुत ख़ामियों वाला बताते हुए उसकी निंदा की गई है. अलबत्ता शोधकर्ता यह स्वीकार करते हैं कि यह निष्कर्ष क़रीब एक हज़ार घरों में किए गए छोटे सर्वेक्षण पर आधारित हैं लेकिन साथ ही यह भी कहा गया है कि ये नतीजे मानने लायक़ नज़र आते हैं.",ब्रितानी विदेश मंत्री जैक स्ट्रॉ ने कहा है कि सरकार उस रिपोर्ट का अध्ययन करेगी जिसमें कहा गया है कि इराक़ पर हमले के बाद वहाँ एक लाख लोगों की मौत हो चुकी है.,<extra_id_0> कर रहे हैं.,"प्रसिद्ध शोध पत्रिका 'लैंसेट' में प्रकाशित एक सर्वेक्षण में दावा किया गया है कि ठोस योजना की कमी, गठबंधन सेनाओं के हवाई हमलों और हिंसा के वातावरण की वजह से ये मौते हुई हैं.","प्रसिद्ध शोध पत्रिका 'लैंसेट' में प्रकाशित एक सर्वेक्षण में दावा किया गया है कि ठोस योजना की कमी, गठबंधन सेनाओं के हवाई हमलों और हिंसा के वातावरण की वजह से ये मौते हुई हैं. स्ट्रॉ ने बीबीसी को बताया कि चूंकि सर्वेक्षण लैंसेट के लिए किया गया है, इसलिए इसका अध्ययन किया जाएगा. उन्होंने कहा कि कई अन्य स्वतंत्र सर्वेक्षणों में हमले के परिणामस्वरूप मरे लोगों की कहीं कम संख्या बताई गई है."
international-49725951,hindi,"सऊदी अरब के दो अहम तेल संयंत्रों पर हमले का दुनिया में तेल उत्पादन पर क्या असर पड़ा और ये स्थिति कितनी ख़तरनाक है. अंतरराष्ट्रीय बाज़ार में तेल की बढ़ती कीमतों को लेकर चिंताओं पर ऊर्जा मामलों के जानकार और बीजेपी नेता नरेंद्र तनेजा का नज़रिया पढ़िए- हमला तेल की प्रोसेसिंग यूनिट पर हुआ था. यहीं से तेल का निर्यात होता है. उत्पादन तो हो रहा है लेकिन निर्यात पर रोक लग गई. जब तक प्रोसेसिंग यूनिट पूरी तरह रिपेयर नहीं होती है तब तक निर्यात नहीं हो सकता है. सऊदी अरब तेल का बहुत बड़ा निर्यातक है. वो इस हमले को लेकर अभी खुलकर बात नहीं कर रहा है क्योंकि वो नहीं चाहता कि सारी दुनिया में उसकी छवि ये बन जाए कि उनके तेल की प्रोसेसिंग यूनिट पर कोई भी हमला कर सकता है. दूसरी उनकी ये भी कोशिश है कि हमले से जो नुक़सान हुआ है उसे जल्द ही रिपेयर करें, जिससे तेल का निर्यात फिर से शुरु हो सके. दूसरी तरफ़ अमरीका और दूसरे देश तेल की बढ़ती कीमतों को लेकर परेशान हैं. 28 साल में पहली बार ऐसा हुआ है जब तेल की कीमतों में बड़ा उछाल आया है. पिछली बार तेल की क़ीमत तब बढ़ी थी जब ईरान ने कुवैत पर हमला (खाड़ी युद्ध) किया था. अमरीका की परेशानी है कि उनके लिए ये चुनावी साल है और अमरीका का इतिहास है कि जिसकी सत्ता में तेल की क़ीमत ज़्यादा रही, उसे राष्ट्रपति नहीं चुना गया. उनकी कोशिश है कि तेल की क़ीमत को लेकर कोई बड़ा हंगामा न हो. तेल की क़ीमत ज़्यादा न बढ़ें इसलिए अमरीका ने अपने तेल भंडार भी खोलने का ऐलान कर दिया है. अगर धनी देश अपने तेल भंडारों को खोल दें तो तेल की क़ीमतें कुछ हद तक नीचे आ सकती हैं. दूसरी तरफ़ अमरीका सऊदी अरब की मदद करने में भी लगा है. दूसरे देश कितने सुरक्षित ? सबसे बड़ा सवाल है कि अगर सऊदी अरब के तेल के भंडारों पर ड्रोन से हमला हो सकता है तो दूसरे देश कितने सुरक्षित हैं? दूसरे देश ये सवाल भी उठाते हैं कि फिलहाल के लिए रिपेयर का काम पूरा कर निर्यात शुरू कर दिया जाएगा जाएगा लेकिन आगे ऐसे हमलों से बचने का क्या रास्ता है? ऐसा अंदाज़ा लगाया जा रहा था कि ट्रंप और ईरान के राष्ट्रपति की जल्द ही बैठक हो जाए. इससे ईरान और अमरीका की विदेश नीति पर प्रश्न उठ रहे हैं. तो क्या ईरान के भीतर ही कुछ लोग हैं जो नहीं चाहते कि अमरीका से समझौता हो? या वो ये चाहते हैं कि ईरान और सऊदी अरब के बीच दूरियां बढ़े? तेल के बाज़ार में बढ़ी चिंताएं नरेंद्र तनेजा बताते हैं कि तेल के बाज़ारों में चिंता बढ़ गई है. अब ये संशय भी बना रहेगा कि आने वाले समय में भी ड्रोन से ऐसे हमले हो सकते हैं इसका असर तेल की कीमतों पर भी दिखेगा. इसे लेकर चिंता बनी रहेगी. राजनीतिक हस्तक्षेप भी होगा, ओईसीडी,अमरीका, यूरोप सभी की यही चिंता रहेगी कि कीमतें नीचे रखी जाएं. लेकिन मुझे ऐसा लगता है कि ये काम इतना आसान होने वाला नहीं है. नरेंद्र तनेजा कहते हैं कि अगर तेल की कीमतें आज बढ़ जाती हैं और सऊदी अरब अपना निर्यात नहीं बढ़ा पाता तो एक तरफ जहां इसका लाभ उसे नहीं मिलेगा, वहीं दूसरी तरफ उसकी छवि भी खराब होगी. आज की तारीख में सारे प्रश्न मेज़ पर हैं. सऊदी के लिए छवि का प्रश्न है, कीमत बढ़ भी जाती है तो सऊदी अरब को इसका फायदा नहीं होगा. बाज़ार में भी तनाव है कि क्या ऐसे हमले दोबारा हो सकते हैं. ट्रंप की कोशिश ईरान और अमरीका के बीच पर्दे के पीछे बातचीत हो रही है. हो सकता है कि दोनों के बीच कोई समझौता हो जो बड़ी खबर बने और ट्रंप को इसका क्रेडिट भी मिले. इस समय सऊदी अरब को अमरीका की ज़्यादा ज़रूरत है. अपनी अंतरराष्ट्रीय साख और स्थिरता के लिए सऊदी अरब, अमरीका पर निर्भर है. अमरीका की कोशिश है कि तेल की कीमतें न बढ़ें, ये आज एक बड़ा मुद्दा है. उनकी मंशा ये भी होगी कि अगर ईरान और अमरीका के बीच बातचीत मीडिया में न आए तो उसे लीक कराया जाए. ये मामला बड़ा ही उलझा हुआ है और शतरंज के खेल जैसा हो गया है. भविष्यवाणी करना तो काफ़ी मुश्किल है लेकिन आने वाले सप्ताह और महीने तेल बाज़ार के हिसाब से काफी दिलचस्प रहने वाले हैं. भारत की अर्थव्यवस्था पर क्या असर पड़ेगा? भारत की अर्थव्यवस्था अभी कई चुनौतियों से जूझ रही है. ऐसे में तेल बाज़ार की चिंताओं का भारत पर क्या असर पड़ेगा? इसके जवाब में नरेंद्र तनेजा कहते हैं कि भारत को ये घटनाक्रम बहुत चिंतित करता है क्योंकि भारत अपने इस्तेमाल का लगभग 83 फीसदी तेल आयात करता है. भारत का दो तिहाई तेल मध्यपूर्व से आता है. सऊदी अरब और इराक़ भारत के मुख्य तेल सप्लायर हैं और कहा जाए तो तेल भारत की अर्थव्यवस्था का केंद्रबिंदु है. वो मानते हैं कि इन हालात में अगर तेल की कीमत बढ़ती है तो एक तरफ भारत का आयात बढ़ेगा और दूसरी तरफ देश में पेट्रोल, डीज़ल और एलपीजी तीनों की कीमतें बढ़ेगीं. इसका नतीजा ये होगा कि मंहगाई बढ़ेगी. ऐसी स्थिति में जब भारत की अर्थव्यवस्था सुस्ती के दौर से गुज़र रही है, अंतरराष्ट्रीय बाज़ार में तेल की कीमतों का बढ़ना भारत के लिए गंभीर चिंता का विषय है. अगर सऊदी अरब में हालात नहीं सुधरते हैं और आने वाले चार-पांच सप्ताह तक ये चिंताएं बनी रहती हैं तो भारत के लिए भी आने वाला वक्त मुश्किल भरा हो सकता है. (बीबीसी हिन्दी के एंड्रॉएड ऐप के लिए आप यहां क्लिक कर सकते हैं. आप हमें फ़ेसबुक, ट्विटर, इंस्टाग्राम और यूट्यूब पर फ़ॉलो भी कर सकते हैं.)",सऊदी अरब के तेल ठिकानों पर हुए ड्रोन हमलों के बाद अंतरराष्ट्रीय बाज़ार में तेल की क़ीमत एक झटके में 20 फ़ीसदी बढ़कर 71 डॉलर प्रति बैरल तक पहुंच गई. बीते तीन दशकों में कच्चे तेल की क़ीमत में ये सबसे बड़ा उछाल है.,<extra_id_0> रही है.,सऊदी अरब के दो अहम तेल संयंत्रों पर हमले का दुनिया में तेल उत्पादन पर क्या असर पड़ा और ये स्थिति कितनी ख़तरनाक है.,सऊदी अरब के दो अहम तेल संयंत्रों पर हमले का दुनिया में तेल उत्पादन पर क्या असर पड़ा और ये स्थिति कितनी ख़तरनाक है. अंतरराष्ट्रीय बाज़ार में तेल की बढ़ती कीमतों को लेकर चिंताओं पर ऊर्जा मामलों के जानकार और बीजेपी नेता नरेंद्र तनेजा का नज़रिया पढ़िए- हमला तेल की प्रोसेसिंग यूनिट पर हुआ था. यहीं से तेल का निर्यात होता है.
080301_cricket_newrecord,hindi,"दोनों ने भारत के वीनू मनकड और पंकज राय का 52 साल पुराना रिकॉर्ड तोड़ दिया. स्मिथ और मैकेंज़ी ने चटगांव में बांग्लादेश के ख़िलाफ़ दूसरे टेस्ट के दूसरे दिन शनिवार को पहले विकेट के लिए 415 रन जोड़े. वीनू मनकड और पंकज राय ने छह जनवरी 1956 को चेन्नई में न्यूज़ीलैंड के ख़िलाफ़ पहले विकेट के लिए 413 रन की साझेदारी का विश्व रिकॉर्ड बनाया था. रिकॉर्ड को सलाम दक्षिण अफ्रीकी जोड़ी ने शकीब अल हसन की गेंद पर एक रन चुराकर जैसे ही मनकड़-पंकज राय के रिकॉर्ड को पीछे छोड़ा, स्टेडियम में मौजूद दर्शकों और ड्रेसिंग रूम में मौजूद दक्षिण अफ्रीकी क्रिकेटरों ने खड़े होकर उनके इस कारनामे को सलाम किया. हालाँकि विश्व रिकॉर्ड पार करने के दो रन बाद ही स्मिथ-मैकेंज़ी की जोड़ी टूट गई. स्मिथ को बाएँ हाथ के स्पिनर अब्दुर रज़्ज़ाक ने बोल्ड आउट किया. बाएँ हाथ के बल्लेबाज़ स्मिथ ने 277 गेंदों पर 33 चौकों और एक छक्के की मदद से 232 रनों की शानदार पारी खेली. विश्व रिकॉर्ड साझेदारी में मैकेंज़ी का योगदान 212 रनों का रहा. पहले विकेट के लिए सबसे बड़ी साझेदारियों के फ़ेहरिस्त में तीसरे नंबर पर भी भारतीय जोड़ी ही है. वर्ष 2006 में वीरेंद्र सहवाग और राहुल द्रविड़ ने पाकिस्तान के ख़िलाफ़ लाहौर में 410 रन की साझेदारी की थी.",दक्षिण अफ्रीका के कप्तान ग्रेम स्मिथ और नील मैकेंज़ी ने टेस्ट क्रिकेट में नया इतिहास रचते हुए पहले विकेट के लिए साझेदारी का विश्व कीर्तिमान अपने नाम कर लिया.,<extra_id_0> रज़्ज़ाक,दोनों ने भारत के वीनू मनकड और पंकज राय का 52 साल पुराना रिकॉर्ड तोड़ दिया.,दोनों ने भारत के वीनू मनकड और पंकज राय का 52 साल पुराना रिकॉर्ड तोड़ दिया. स्मिथ और मैकेंज़ी ने चटगांव में बांग्लादेश के ख़िलाफ़ दूसरे टेस्ट के दूसरे दिन शनिवार को पहले विकेट के लिए 415 रन जोड़े. वीनू मनकड और पंकज राय ने छह जनवरी 1956 को चेन्नई में न्यूज़ीलैंड के ख़िलाफ़ पहले विकेट के लिए 413 रन की साझेदारी का विश्व रिकॉर्ड बनाया था.
150721_mobile_battery_life_charging_sp,hindi,"बैटरी को अगर आप सही ढंग से चार्ज करेंगे तो उसकी परफॉर्मेंस और लाइफ़ बढ़ सकती है. फ़ोन बनाने वाली कई कंपनियों का कहना है कि उनके फ़ोन की बैटरी 300-500 बार चार्ज होने के लिए बनी हैं. उसके बाद बैटरी की क्षमता घटने लगती है. उसके बाद बैटरियाँ चार्ज को ठीक से स्टोर नहीं कर पाती हैं. जानकारों की सलाह है कि बैटरी को 0 से 100% तक चार्ज नहीं करना चाहिए. लिथियम आयन बैटरी को 40 से 80 फ़ीसदी के बीच चार्ज करके रखना चाहिए. सबसे बढ़िया होगा अगर उसके चार्ज को आप 20 फ़ीसदी से कम नहीं होने दें. समाप्त पीसी एडवाइज़र के मुताबिक़ बैटरी को महीने में एक बार से ज़्यादा 100 फ़ीसदी चार्ज नहीं करना चाहिए. जैसे कंप्यूटर को रिस्टार्ट किया जाता है ये ठीक वैसी ही बात है. आपके फ़ोन के साथ जो चार्जर आता है उसे ही इस्तेमाल करना सबसे बढ़िया होता है. बाज़ार में मिलने वाले चार्जर, ख़ास तौर पर कुछ फ़ोन के लिए बनाए जाते हैं. चार्जर अगर ठीक नहीं रहा तो फ़ोन को नुकसान भी पहुंचा सकता है. लिथियम-आयन बैटरी को काफी दिनों तक बिना चार्ज किए नहीं रखना चाहिए. अगर आप उन्हें 40-50 फ़ीसदी के बीच चार्ज करके रखें तो ठीक रहेगा. आमतौर पर ठीक हालत में ऐसी बैटरी महीने में 5-10 फ़ीसदी डिस्चार्ज होती है. (बीबीसी हिन्दी के एंड्रॉएड ऐप के लिए आप यहां क्लिक कर सकते हैं. आप हमें फ़ेसबुक और ट्विटर पर फ़ॉलो भी कर सकते हैं.)",आप शायद ही कोई मिला हो जिसके मुँह से आपने मोबाइल की बैटरी के बारे में अच्छी बातें सुनी हों. ज्यादातर लोग बैटरी को कोसते ही नज़र आते हैं.,<extra_id_0> करें.,बैटरी को अगर आप सही ढंग से चार्ज करेंगे तो उसकी परफॉर्मेंस और लाइफ़ बढ़ सकती है.,बैटरी को अगर आप सही ढंग से चार्ज करेंगे तो उसकी परफॉर्मेंस और लाइफ़ बढ़ सकती है. फ़ोन बनाने वाली कई कंपनियों का कहना है कि उनके फ़ोन की बैटरी 300-500 बार चार्ज होने के लिए बनी हैं. उसके बाद बैटरी की क्षमता घटने लगती है.
india-41887138,hindi,"उद्धब भाराली असम के लखीमपुर ज़िले के भाराली इसी मंशा के साथ नई-नई खोजों में लगे हुए हैं. उन्होंने तीस साल पहले अपने परिवार के कर्ज़ को चुकाने के मकसद से यह शुरू किया था. लेकिन आज यह उनका जुनून बन चुका है. वह अब तक 140 से ज़्यादा चीजें बना चुके हैं. इनमें से कई चीज़ें व्यवसायिक तौर पर खरीदी-बेची जा रही हैं तो कई चीजों को अंतरराष्ट्रीय अवॉर्ड तक हासिल हो चुका है. उनका कहना है कि उनका मुख्य मकसद लोगों की मदद करना रहा है. पूरे भारत में उन्हें उनके कृषि संबंधी नई खोजों के लिए जाना जाता है. लेकिन उनकी नई खोज से शारीरिक रूप से असमर्थ लोगों को मदद मिल रही है. ज़हरीली हवा को रोकेगी 10 साल की बच्ची! बच्चों की जान बचाने वाली शैम्पू की बोतल सुन-बोल नहीं सकतीं, पर धमक अमरीका तक हाथ की जगह लगाया चम्मच वो बताते हैं कि चूंकि भारत में सरकार की ओर से ऐसे लोगों को सीमित सहायता मिलती है इसलिए उनके जैसे लोगों को इसके समाधान के लिए आगे आना चाहिए. 15 साल के राज रहमान जन्म से विकलांग पैदा हुए थे. भाराली ने उनके लिए एक साधारण सा उपकरण तैयार किया जो कि रोज़मर्रा की ज़िंदगी में इस्तेमाल होने वाली चीज़ों वेल्क्रो और चम्मच से बना हुआ था. इसे उनके हाथ की जगह पर लगाया गया. इसकी मदद से वो खाना खाते हैं और लिख पाते हैं. भाराली ने राज के लिए खास तरह के जूते भी तैयार किए हैं जिसकी मदद से राज आसानी से घूम फिर सकते हैं. राज बताते हैं, ""मैं ख़ुद को लेकर काफी परेशान रहा करता था. लेकिन अब मैं ख़ुद को तनाव मुक्त महसूस करता हूं. मुझे इस बात की फ़िक्र नहीं करनी होती है कि मैं स्कूल जाने के लिए रेलवे लाइन कैसे पार कर पाऊंगा. अब बिना किसी परेशानी के चल सकता हूं."" वो कहते हैं, ""मैं खुश हूं कि मैं अपना ख़याल ख़ुद रख सकता हूं."" मानवीय सूझबूझ भाराली याद करते हुए कहते हैं कि शुरू में लोगों ने उन्हें किसी काम का नहीं समझा था. उन्हें ख़ुद को एक काबिल इनोवेटर साबित करने में 18 साल लग गए. उनके तैयार किए गए ज़्यादातर उपकरण कम लागत वाले और आसानी से मिल जाने वाले सामानों से बना होता है. इस तरह के किफ़ायती उपकरणों को हिंदी में 'जुगाड़' कहते हैं. कैम्ब्रिज यूनिवर्सिटी के जज बिज़नेस स्कूल के जयदीप प्रभु ने जुगाड़ पर एक किताब लिखी है. उनका मानना है कि यह लोगों को नई चीजें बनाने के लिए प्रेरित करता है. वो कहते हैं, ""ऐसा इसलिए है क्योंकि इसके लिए आपकी स्वभाविक प्रतिभा से ज़्यादा की ज़रूरत नहीं होती. इसके पीछे मंशा यह होती है कि आपके समाज में आपके इर्द-गिर्द मौजूद समस्याओं का समाधान निकाला जाए. इसमें समस्याओं के समाधान के लिए उन संसाधनों का इस्तेमाल किया जाता है जो आसानी से आपके लिए उपलब्ध हों."" भाराली अपनी नई खोजों को बेचकर और बिज़नेस और सरकार को नई तकनीकी पेश कर पैसा कमाते हैं. लेकिन वो दूसरों को पैसा कमाने में मदद करना चाहते हैं ताकि वे लोग अपनी आर्थिक स्थिति सुधार सकें. उन्होंने दो केंद्र खोले जहां लोग आकर उनकी मशीनों का इस्तेमाल कर सकते हैं. इनमें से एक केंद्र में स्थानीय गांवों की महिलाएं आकर उस मशीन की मदद से चावल पीसने का काम करती हैं जिसे भाराली ने बनाया है. चावल के इस आटे का इस्तेमाल केक बनाने में और दूसरे खाने-पीने की चीज़ों को बनाने में किया जाता है जिसे बेचकर पैसा भी कमाया जा सकता है. उद्धब ने कोकोनट क्रेकर जैसी भी मशीनें बनाई हैं सफलता का कोई शॉर्टकट नहीं वर्ल्ड बैंक के मुताबिक भारत में 15 साल से अधिक उम्र की 27 फ़ीसदी महिलाएं आर्थिक रूप से सक्रिय हैं. भाराली के केंद्र में आने वाली पोरबीत्ता धुत्ता कहती हैं, ""हमारे पास गांवों में पैसा कमाने के लिए कोई सुविधा उपलब्ध नहीं है."" ""इस केंद्र की मदद से हम आत्मनिर्भर बन ख़ुद के लिए और अपने परिवार के लिए पैसे कमा पाते हैं."" इन दूर-दराज़ के गांवों में पुरुष भाराली के इन जुगाड़ों से लाभ उठा रहे हैं. भाराली अब तक 200 से अधिक सीमेंट की ईंटे बनानी वाली मशीनें विकसित कर उन्हें बेच लिया है. एक मशीन को चलाने में पांच लोगों की ज़रूरत पड़ती है और उनका अनुमान है कि करीब एक हज़ार से अधिक पुरुषों को इसकी वजह से काम मिला हुआ है. हालांकि, भाराली मानते हैं कि सफलता का कोई शॉर्टकट नहीं होता है. उनकी कड़ी मेहनत की बदौलत आज उनकी ज़िंदगी आराम से गुज़र रही है और वो 25 दूसरे लोगों के परिवारों को भी मदद कर पा रहे हैं. उनके इंजीनियरिंग के बैकग्रांउड के होने की वजह से उन्हें निश्चित तौर पर इस काम में मदद मिली. लेकिन वो मानते हैं कि इनोवेशन की मौलिक बातों को किसी को सिखाया नहीं जा सकता है. वो कहते हैं, ""कोई भी इंसान जो अपने आसपास की चीज़ों से परेशान और बेचैन है वो इनोवेटर हो सकता है. इनोवेशन आपके अंदर से आती है. कोई दूसरा आपको इनोवेटर नहीं बना सकता. आपको इसे ख़ुद महसूस करना होगा."" पहले वो मशीनें डिज़ाइन करते थे और उम्मीद करते थे कि वो बिके लेकिन अब उनकी ऐसी छवि बन गई है कि लोग उन्हें अपनी समस्याओं के अनुरूप नई चीजें बनाने की ज़िम्मेदारी देते हैं. वो भी अपने इस सफर को यूं ही जारी रखना चाहते हैं. नई चीजों को लेकर उनका उत्साह पूरा रहता है. वह कहते हैं, ""मैं चुनौती का आनंद लेता हूं. हमेशा कुछ नया और ताज़ा. और इस बात का एहसास खुशी देती है कि मैं किसी चीज़ को बनाने वाला पहला आदमी हूं."" अतिरिक्त जानकारियां और रिपोर्ट प्रीति गुप्ता की. बीबीसी वर्ल्ड सर्विस की यह सेवा बिल और मेलिंडा गेट्स फाउंडेशन के सौजन्य से है. BBC INNOVATORS: लद्दाख में बर्फ़ के स्तूप क्यों बना रहे हैं ये लोग? मौसम का मिजाज बिगड़ा तो बदल जाएगा बिज़नेस (बीबीसी हिन्दी के एंड्रॉएड ऐप के लिए यहां क्लिक करें. आप हमें फ़ेसबुक और ट्विटर पर भी फ़ॉलो कर सकते हैं.)","उद्धब भाराली कहते हैं, ""समस्याओं को सुलझाना मुझे अच्छा लगता है. मैं चाहता हूं कि लोग अपनी ज़िंदगी को अपनी कोशिशों से थोड़ा बेहतर और आत्मनिर्भर बनाएं.""",<extra_id_0> राज भाराली,उद्धब भाराली असम के लखीमपुर ज़िले के भाराली इसी मंशा के साथ नई-नई खोजों में लगे हुए हैं.,उद्धब भाराली असम के लखीमपुर ज़िले के भाराली इसी मंशा के साथ नई-नई खोजों में लगे हुए हैं. उन्होंने तीस साल पहले अपने परिवार के कर्ज़ को चुकाने के मकसद से यह शुरू किया था. लेकिन आज यह उनका जुनून बन चुका है.
150916_bihar_obc_cast_equation_sr,hindi,"बिहार में भी ऐसे ही कई छोटे-बड़े जाति और समुदाय आधारित संगठन अपने सामाजिक दर्जे में बदलाव की मांग करते रहते हैं. सितंबर महीने के पहले सप्ताह में ऐसी ही एक मांग से जुड़ी लगातार दो दिनों की घटना और फैसले काफी महत्त्वपूर्ण रहे. पढ़ें विस्तार से निषाद विकास संघ के मार्च के दौरान पुलिस ने भीड़ को नियंत्रित करने के लिए लाठीचार्ज किया. पहले निषाद विकास संघ के समर्थकों और पुलिस के बीच चार सितंबर को पटना के गांधी मैदान के पास झड़प हुई. संघ ने उस दिन मल्लाह जाति को अनुसूचित जनजाति (एसटी) में शामिल करने की अपनी पुरानी मांग को लेकर राजभवन तक मार्च आयोजित किया था. समाप्त अगले दिन पांच सितंबर को नीतीश कैबिनेट की बैठक हुई. इसमें मल्लाह की सभी उपजातियों और नोनिया जाति को अत्यंत पिछड़ा वर्ग (ईबीसी) से एसटी में शामिल किया गया. और इस संबंध में केंद्र सरकार को सिफ़ारिश भेजने को फैसला लिया गया. जिनकी सामजिक दर्जा बदला दांगी सम्मेलन में मुख्यमंत्री नीतीश कुमार. दरअसल बिहार में किसी जाति या जातीय समूहों की साामजिक श्रेणी बदलने का यह कोई पहला मामला नहीं है. निषादों की तरह ही बहुतेरे जातीय समूह ऐसी मांग करते रहते हैं. लेकिन चुनावी साल में नीतीश सरकार ने मल्लाह जाति की तरह की कई दूसरी जातियों की सामजिक श्रेणी भी बदलने में ज़्यादा दिलचस्पी दिखाई है. मल्लाह जाति को एसटी का दर्जा देने के पहले अन्य पिछड़ा वर्ग (ओबीसी) की तेली और दांगी जातियों को ईबीसी में शामिल किया गया था. ईबीसी की तांती जाति को एससी का दर्जा दिया गया था. इतना ही नहीं सामान्य श्रेणी को दो जातियों को भी ओबीसी में शामिल किया गया था. इनमें हिंदुओं की गोस्वामी और मुस्लिमों की मल्लिक जाति शामिल है. साथ ही अब भी कई जातियां अपने पिछड़ेपन को आधार बनाकर अपनी साामजिक श्रेणी में बदलाव करने की मांग करती हैं. इनमें बढ़ई और कुम्हार जैसी जातियां शामिल हैं. मानदंडों की अनदेखी जानकारों का मानना है कि भारत की आजादी के करीब 70 वर्षों बाद भी कई सामाजिक और जातीय समूह कई क्षेत्रों में पीछे छूटे हुए हैं. ऐसे में जातियों को एक खास वर्ग में शामिल करने या उससे बाहर निकालने की प्रक्रिया चलाना तो ठीक है, लेकिन ऐसा करते हुए तय मानदंडों का ध्यान रखना जाना चाहिए. जोस कालापुरा पटना स्थित जेवियर इंस्टीट्यू ऑफ़ सोशल रिसर्च के निदेशक हैं. उनका मानना है कि सरकार जातियों की सामाजिक श्रेणी बदलने का फैसला लेते हुए इतिहास, परंपरा और सामाजिक-आर्थिक स्थिति की जमीनी हकीकत का ध्यान नहीं रख रही है. जैसा कि मल्लाह जाति संबंधी सिफारिश के बारे में उनका मानना है, ""मल्लाह शारीरिक बनावट, संस्कृति और धार्मिक, इनमें से किसी भी मावशास्त्रीय आधार पर एसटी वर्ग का हिस्सा नहीं हो सकते हैं."" दरअसल सरकार द्वारा ज़रूरी प्रक्रिया का ध्यान नहीं रखे जाने के कारण ही ऐसे फैसलों का विरोध भी हो रहा है. इनमें से कुछ को तो अदालत में चुनौती भी दी गई है. राजनीतिक फायदा माना जा रहा है कि जातियों की श्रेणी बदलने के फैसले का एक सिरा राजनीति से भी जुड़ा है. खासकर तब जब ये फैसले चुनावी साल में लिए गए हों. ऐसे में एक सवाल यह कि इन फैसलों का कितना नफा-नुकसान नीतीश कुमार की अगुवाई वाले महागठबंधन को होगा? दैनिक भास्कर के पटना संस्करण के संपादकीय सलाहकार सुरेंद्र किशोर के मुताबिक़, ""जातियों की सामाजिक श्रेणी बदलने की ज़रूरत हो भी तो ऐसे फैसले सामान्य दिनों में लिए जाने चाहिए."" वो कहते हैं, ""चुनाव के ठीक पहले ऐसे फैसलों को लोग शक की नजर से देखते हैं. साथ ही चुनावी माहौल में ऐसे फैसले लेते वक्त हर पहलू का ध्यान भी नहीं रखा जाता है."" सुरेंद्र का यह भी मानना है कि नीतीश सरकार ने ऐसे जो भी फैसले लिए हैं, उनकी ज़रूरत पहले से महसूस की जाती रही है. और ऐसे में थोड़ा राजनीति फायदा महागठबंधन को मिल सकता है. (बीबीसी हिन्दी के एंड्रॉएड ऐप के लिए यहां क्लिक करें. आप हमें फ़ेसबुक और ट्विटर पर भी फ़ॉलो कर सकते हैं. )",गुजरात के हार्दिक पटेल बीते दिनों काफ़ी चर्चा में थे. उनकी अगुआई में गुजरात के पटेल जाति का बड़ा तबका खुद को अन्य पिछड़ा वर्ग में शामिल किए जाने की मांग कर रहा है जिससे उन्हें भी आरक्षण का लाभ मिले.,<extra_id_0> :,बिहार में भी ऐसे ही कई छोटे-बड़े जाति और समुदाय आधारित संगठन अपने सामाजिक दर्जे में बदलाव की मांग करते रहते हैं.,बिहार में भी ऐसे ही कई छोटे-बड़े जाति और समुदाय आधारित संगठन अपने सामाजिक दर्जे में बदलाव की मांग करते रहते हैं. सितंबर महीने के पहले सप्ताह में ऐसी ही एक मांग से जुड़ी लगातार दो दिनों की घटना और फैसले काफी महत्त्वपूर्ण रहे. पढ़ें विस्तार से निषाद विकास संघ के मार्च के दौरान पुलिस ने भीड़ को नियंत्रित करने के लिए लाठीचार्ज किया.
140902_modi_japan_bussiness_talk_sr,hindi,"मोदी टीसीएस जापान टेक्नोलॉजी एंड कल्चर एकेडमी में भाषण दे रहे थे. मोदी ने जापान से भारत आने वाले प्रशिक्षुओं के साथ एक बैठक में कहा कि आप भारत में काम करने आईए और भारत के अम्बेसडर बनकर जाईए. इस बैठक में भारत में टीसीएस कंपनी में काम करने के लिए भारत आने वाले जापानी कर्मचारियों से उन्होंने कहा, ''आप भारत आएं तो केवल टीसीएस के कमरे में बंद होकर न रह जाएं. यहां हर शनिवार और रविवार को निकलें और हमारे प्राचीन देश देखें.'' उन्होंने कहा, ''मैं दावे के साथ कहता हूं कि यदि आप भारत में छह महीने रहें और हर रोज अलग व्यंजन खाना चाहें तो आपको इस दौरान एक ही व्यंजन को दोबारा खाने की नौबत नहीं आएगी.'' उन्होंने कहा कि इक्कीसवीं सदी ज्ञान की सदी है और भारत जब भी ज्ञान के क्षेत्र में उतरा है उसने दुनिया को नेतृत्व दिया है. नालंदा इसका उदाहरण है जहां दुनिया भर से और जापान से भी छात्र शिक्षा लेने आते थे. उन्होंने कहा कि मुझे विश्वास है कि जापान और भारत मिलकर इस नई सदी में दुनिया को एक नई रोशनी दिखा सकते हैं. (बीबीसी हिन्दी के एंड्रॉएड ऐप के लिए यहां क्लिक करें. आप हमें फ़ेसबुक और ट्विटर पर भी फ़ॉलो कर सकते हैं.)",मंगलवार को जापान दौरे के चौथे दिन भारत के प्रधानमंत्री नरेंद्र मोदी ने भारत में काम करने आने वाले जापानियों को भारत को और गंभीरता से देखने का आग्रह किया.,<extra_id_0> करें.,मोदी टीसीएस जापान टेक्नोलॉजी एंड कल्चर एकेडमी में भाषण दे रहे थे.,"मोदी टीसीएस जापान टेक्नोलॉजी एंड कल्चर एकेडमी में भाषण दे रहे थे. मोदी ने जापान से भारत आने वाले प्रशिक्षुओं के साथ एक बैठक में कहा कि आप भारत में काम करने आईए और भारत के अम्बेसडर बनकर जाईए. इस बैठक में भारत में टीसीएस कंपनी में काम करने के लिए भारत आने वाले जापानी कर्मचारियों से उन्होंने कहा, ''आप भारत आएं तो केवल टीसीएस के कमरे में बंद होकर न रह जाएं."
india-47648333,hindi,"उम्मीद जताई जा रही है कि इस प्रक्रिया में छह महीने से भी कम का समय लगने चाहिए. माल्या की तुलना में नीरव मोदी के मामले में धोखाधड़ी और मनी लॉन्ड्रिंग के सबूत कहीं अधिक मज़बूत हैं जो ब्रिटेन के क़ानून के अनुसार ऐसे मामलों में ज़रूरी दोहरे अपराध (डूअल क्रिमनैलिटी) की शर्त को पूरा करता है. सीबीआई और ईडी दोनों ने फ़र्ज़ी लेटर ऑफ़ अंडरटेकिंग, ईमेल डिटेल, बैंक ट्रांसफर और मनी लॉन्ड्रिंग के लिए शेल कंपनियों के इस्तेमाल के दस्तावेज़ पहले से ही ब्रिटेन सहित कम से कम 15 देशों को भेज रखे हैं. उधर विदेश मंत्रालय के प्रवक्ता रवीश कुमार ने कहा कि भारत नीरव मोदी के प्रत्यर्पण मामले को लेकर लगातार ब्रिटेन से संपर्क में बना हुआ है. इस बीच बीजेपी के वरिष्ठ नेता और क़ानून मंत्री रविशंकर प्रसाद ने कहा कि सरकार नीरव मोदी के प्रत्यर्पण की याचिका पर ईमानदारी से आगे बढ़ रही है. उत्तर प्रदेश बीजेपी प्रदेश अध्यक्ष की बहू कांग्रेस में शामिल उत्तर प्रदेश में भारतीय जनता पार्टी के प्रदेश अध्यक्ष महेंद्र नाथ पांडेय के बड़े भाई जितेंद्रनाथ पांडेय की पुत्रवधु अमृता पांडेय बुधवार को कांग्रेस में शामिल हो गईं. हालांकि इस बीच महेन्द्रनाथ पांडेय ने ट्वीट कर अपनी बेटी और पत्नी के साथ फ़ोटो पोस्ट करके पूरे प्रदेश को होली की बधाई दी है. कांग्रेस में शामिल होने के बाद उन्होंने कहा, ""कांग्रेस से मेरा पुराना जुड़ाव है. मेरा मायका कांग्रेसी रहा है. इसलिए मैं कांग्रेस के साथ हूं."" प्रियंका गांधी की उपस्थिति में कांग्रेस में शामिल हुईं अमृता ने कहा, ""बीजेपी ने ब्राह्मणों के साथ ही समाज के सभी वर्ग के लोगों को ठगने का काम किया है. चुनाव लड़ने का सवाल कांग्रेस पार्टी तय करेगी. फ़िलहाल मेरा उद्देश्य प्रियंका गांधी के साथ मिलकर काम करने का है."" गोधरा मामले में एक और को उम्र क़ैद 2002 के गोधरा ट्रेन हत्याकांड में एक और व्यक्ति को उम्र क़ैद की सज़ा सुनाई गई है. गुजरात के साबरमती सेंट्रल जेल में लगाई गई एक विशेष एसआईटी कोर्ट के जज एचसी वोरा ने याक़ूब पटालिया को उम्र क़ैद की सज़ा सुनाई. फ़रवरी 2002 में गोधरा में साबरमती एक्सप्रेस के दो डिब्बों में आग लगाई गई थी जिसमें 59 हिंदू कार्यकर्ता मारे गए थे. पटालिया को जनवरी 2018 में गिरफ़्तार किया गया था. उस पर आरोप लगा कि वह उस भीड़ में शामिल था जिसने 27 फ़रवरी को साबरमती एक्सप्रेस के दो डिब्बों में आग लगाई थी. कर्नाटक: बिल्डिंग हादसे में मृतकों की संख्या 7 हुई उत्तर कर्नाटक के धारवाड़ में गिरी एक निर्माणाधीन इमारत के मलबे से चार और शव निकाले जाने और एक घायल व्यक्ति की अस्पताल में मौत के बाद इस हादसे में मरने वालों की संख्या बुधवार को बढ़कर सात हो गई. पुलिस महानिदेशक (अग्नि एवं आपातकाल सेवा के प्रमुख) एम एन रेड्डी ने बताया कि सात लोगों की मौत हो गई. हुब्बाली-धारवाड़ के आयुक्त एम एन नागराज ने बताया, ''55 लोगों को सुरक्षित बचाया गया है. हमें आशंका है कि 15 से 20 लोग अब भी मलबे में फंसे हुए हैं.'' बेंगलुरु से क़रीब 400 किलोमीटर दूर धारवाड़ के कुमारेश्वरनगर में मंगलवार की शाम को ध्वस्त हुई चार मंजिला निर्माणाधीन इमारत के मलबे से राहतकर्मियों ने अब तक 55 लोगों को बाहर निकाला है. इस मामले में अब तक किसी की भी गिरफ़्तारी नहीं हुई है. पीटीआई के अनुसार इमारत में फंसे ज़्यादातर लोग उत्तर भारत के श्रमिक हैं जो टाइल्स लगाने का काम कर रहे थे. ब्रेक्सिट डील पर संसद की मंज़ूरी नहीं मिलने के लिए सांसद कसूरवारः ब्रिटिश पीएम ब्रिटेन की प्रधानमंत्री टेरीज़ा मे ने ब्रेक्सिट डील पर संसद की मंज़ूरी नहीं मिलने के लिए सांसदों को कसूरवार ठहराया है. टेलीविजन पर अपने संबोधन में उन्होंने कहा कि वह ब्रिटिश नागरिकों के साथ थीं, जो इस पूरी प्रक्रिया से थक चुके थे और इस डील से बाहर निकलना चाहते थे. समय सीमा के हिसाब से ब्रिटेन को यूरोपीय यूनियन को अगले नौ दिनों में अलग होना है, लेकिन टेरीज़ा मे समयसीमा में कुछ दिनों की बढ़ोतरी चाहती हैं. ब्रिटिश प्रधानमंत्री ने सांसदों से अपील की कि वो लोगों की इच्छा का सम्मान करें. (बीबीसी हिन्दी के एंड्रॉएड ऐप के लिए आप यहां क्लिक कर सकते हैं. आप हमें फ़ेसबुक, ट्विटर, इंस्टाग्राम और यूट्यूबपर फ़ॉलो भी कर सकते हैं.)",ब्रिटेन में गिरफ़्तार नीरव मोदी के प्रत्यर्पण को लेकर सीबीआई और प्रवर्तन निदेशालय (ईडी) के अधिकारियों को उम्मीद है कि विजय माल्या को वापस लाने की तुलना में नीरव मोदी के प्रत्यर्पण की कवायद बहुत तेज़ होगी.,<extra_id_0> में शामिल हैं.,उम्मीद जताई जा रही है कि इस प्रक्रिया में छह महीने से भी कम का समय लगने चाहिए.,"उम्मीद जताई जा रही है कि इस प्रक्रिया में छह महीने से भी कम का समय लगने चाहिए. माल्या की तुलना में नीरव मोदी के मामले में धोखाधड़ी और मनी लॉन्ड्रिंग के सबूत कहीं अधिक मज़बूत हैं जो ब्रिटेन के क़ानून के अनुसार ऐसे मामलों में ज़रूरी दोहरे अपराध (डूअल क्रिमनैलिटी) की शर्त को पूरा करता है. सीबीआई और ईडी दोनों ने फ़र्ज़ी लेटर ऑफ़ अंडरटेकिंग, ईमेल डिटेल, बैंक ट्रांसफर और मनी लॉन्ड्रिंग के लिए शेल कंपनियों के इस्तेमाल के दस्तावेज़ पहले से ही ब्रिटेन सहित कम से कम 15 देशों को भेज रखे हैं."
140909_beneficiaries_of_modi_regime_vr,hindi,"पहले बुलेट ट्रेन आएगी या फिर उनके घर में एक शौचालय होगा. पहले बड़े-बड़े उद्योगो की मशीनें चलेंगी या फिर बिजली से घरों में बल्ब. लेकिन वहीं कुछ लोगों के लिए तो मोदी के सत्ता में आते ही दिवाली, ईद और होली की खुशियां एक साथ घर लौट आई हैं. अमित शाह, मायाबेन कोडनानी, अभय चूड़ासमा, जीएल सिंघल, एके शर्मा वो लोग हैं जो कल तक बियाबां में थे लेकिन अब सत्ता के गलियारों में लौट आए हैं. 'अच्छे दिन वालों' पर अंकुर जैन की रिपोर्ट अमित शाह अगर प्रधानमंत्री नरेंद्र मोदी की सरकार में किसी के सबसे ज़्यादा अच्छे दिन आए हैं तो वो हैं अमित शाह. इन पर हत्या में शामिल होने का केस चल रहा है. फिलहाल ये मामला अदालत में लंबित है और शाह जमानत पर रिहा हैं. मोदी ने इन्हें 2014 के चुनाव का 'मैन ऑफ़ दी मैच' बताया है और वे बीजेपी के अध्यक्ष बना दिए गए. इशरत जहाँ और सोहराबुद्दीन मुठभेड़ मामले की जांच करने वाले जिन दो अफ़सरों को इनमें कथित तौर पर अमित शाह के हाथ होने के सुराग मिले, उनका भारत सरकार ने हाल ही में गुजरात से बाहर तबादला कर दिया. सतीश वर्मा जिन्होंने इशरत मामले की जांच की थी, उन्हें शिलांग में नार्थ ईस्टर्न पावर कारपोरेशन लिमिटेड भेज दिया गया. और रजनीश राय जिन्होंने सोहराबुद्दीन एनकाउंटर की जाँच की थी, उनका झारखण्ड के जादूगोड़ा तबादला कर दिया गया. शाह के सितारे अब आसमान चूम रहे हैं और वे अपने बेटे के लिए सियासी पिच तैयार कर रहे हैं. मायाबेन कोडनानी किसी ज़माने में नरेंद्र मोदी के गुजरात कैबिनेट का उभरता सितारा रहीं मायाबेन कोडनानी 2002 के दंगो के नरोदा पाटिया मामले में 28 साल की सज़ा के बाद एक टूटे तारे की तरह जेल की काल कोठरी में बंद थीं. लेकिन इसे संयोग ही कहा जाएगा कि मोदी सरकार के आने के बाद अब वह वापिस खुले आकाश के नीचे सांस ले रही हैं. गुजरात हाई कोर्ट ने उन्हें दो महीने पहले जमानत दे दी और उनकी सज़ा पर रोक लगा दी गई है. अहमदाबाद के नरोदा पाटिया इलाके में अपने पति के साथ मायाबेन एक अस्पताल चलाती हैं. नरोदा पाटिया में 95 लोग दंगो के वक़्त मारे गए थे और कई दंगा पीड़ितो के परिवार वालो ने कोर्ट में गवाही भी दी थी. अभय चुड़ासमा अमित शाह के बेहद करीबी और हमेशा विवादों में घिरे रहने वाले एसपी अभय चुड़ासमा से पुलिस महकमे में सभी घबराते हैं. सीबीआई ने इन्हें सोहराबुद्दीन मुठभेड़ मामले में गिरफ्तार किया और इन पर कई गंभीर आरोप लगाए. सीबीआई ने अपनी चार्जशीट में कहा था कि अमित शाह ने सोहराबुद्दीन का फ़र्ज़ी एनकाउंटर करने के लिए डीजी वंज़ारा और चुड़ासमा को कहा था. केंद्रीय जांच एजेंसी ने यह भी आरोप लगाया कि वह सोहराबुद्दीन के साथ मिलकर एक 'एक्सटॉर्शन रैकेट' चलाते थे. लेकिन गिरफ्तार होकर भी किसी न किसी तरीके से चुड़ासमा ज़्यादा समय अस्पताल में ही रहे. इस साल अप्रैल में उन्हें कोर्ट से जमानत मिल गई. पिछले महीने उन्हें गुजरात पुलिस में बहाल कर दिया गया और पुलिस महानिदेशक के विजिलेंस स्क्वॉयड का मुखिया बना दिया गया. ख़ैर उन पर लगे सारे आरोप ज्यों के त्यों हैं. क्या गुजरात पुलिस या सरकार या कहीं और किसी को चुड़ासमा की कमी खल रही थी? जीएल सिंघल जीएल सिंघल इशरत जहाँ मुठभेड़ मामले में गिरफ्तार होने वाले पहले अफसर थे. हिरासत के बाद सीबीआई को सिंघल के घर से कुछ ऑडियो रिकॉर्डिंग भी मिली थी. एक न्यूज़ पोर्टल ने वही कथित ऑडियो टेप्स जारी करने का दावा करते हुए कहा कि इसमें अमित शाह, सिंघल और आईपीएस अफसर एके शर्मा से पुलिस तंत्र का इस्तेमाल कर एक लड़की पर जासूसी करवा रहे हैं. निलंबित होने के बाद ज़िंदगी से हताश सिंघल ने गुजरात सरकार को एक पत्र में अपना इस्तीफा देते हुए कहा था कि उनके इस दुख के समय में उनके साथ कोई नहीं खड़ा रहा. लेकिन दुख के बादल अब छट गए हैं. उन्हें दो महीने पहले गुजरात सरकार ने एसआरपी का कमांडेंट बना दिया है. एके शर्मा महिला की जासूसी के कथित मामले ने जितना अमित शाह को परेशान किया था, उतना ही आईपीएस अफसर एके शर्मा को भी. गुजरात सरकार और ख़ासकर शाह के बेहद करीबी शर्मा परदे के पीछे से काम करने वालो में से हैं. लेकिन जीएल सिंघल की दी हुई रिकॉर्डिंग ने इन्हें कथित तौर पर बेनकाब कर दिया. संयुक्त पुलिस आयुक्त अहमदाबाद (क्राइम ब्रांच) शर्मा को अब भारत सरकार ने सेंट्रल डेपुटेशन के लिए ज्वॉयंट सेक्रेटरी के पद पर पैनल में शामिल किया है. (बीबीसी हिन्दी के एंड्रॉएड ऐप के लिए आप यहां क्लिक कर सकते हैं. आप हमें फ़ेसबुक और ट्विटर पर फ़ॉलो भी कर सकते हैं.)",भारत के निवासी अब भी यह समझने में लगे हैं कि प्रधानमंत्री नरेंद्र मोदी के बताए अच्छे दिन किसके होंगे.,<extra_id_0> शाह की रिपोर्ट,पहले बुलेट ट्रेन आएगी या फिर उनके घर में एक शौचालय होगा.,"पहले बुलेट ट्रेन आएगी या फिर उनके घर में एक शौचालय होगा. पहले बड़े-बड़े उद्योगो की मशीनें चलेंगी या फिर बिजली से घरों में बल्ब. लेकिन वहीं कुछ लोगों के लिए तो मोदी के सत्ता में आते ही दिवाली, ईद और होली की खुशियां एक साथ घर लौट आई हैं."
150727_punjab_attack_pakistan_condemned_du,hindi,"पंजाब के गुरदासपुर में सोमवार की सुबह हुए चरमपंथी हमले के बाद सुरक्षाबलों ने करीब 11 घंटे तक चली मुठभेड़ में तीनों चरमपंथियों को मार दिया था. इस घटना में एक पुलिस अधीक्षक समेत चार पुलिसकर्मी और तीन नागरिक भी मारे गए थे. पंजाब मुठभेड़ में 10 मरे, चीनी ग्रेनेड मिले घटना की निंदा पाकिस्तान के विदेश मंत्रालय ने इस घटना की तीखी निंदा की है. समाप्त विदेश मंत्रालय द्वारा जारी बयान में कहा गया है, ""पाकिस्तान आतंकवाद के किसी भी रूप की निंदा करता है और इसके ख़िलाफ़ अपनी निंदा को दोहराता है."" बयान में आगे कहा गया है, ""हम भारत सरकार और उसके लोगों के प्रति हार्दिक संवेदना व्यक्त करते हैं."" (बीबीसी हिन्दी के एंड्रॉएड ऐप के लिए यहां क्लिक करें. आप हमें फ़ेसबुक और ट्विटर पर भी फ़ॉलो कर सकते हैं.)",पाकिस्तान ने भारत में पंजाब के गुरदासपुर में हुए चरमपंथी हमले की निंदा की है और कहा है कि वह सभी तरह के चरमपंथ के ख़िलाफ़ है.,<extra_id_0> हिन्दी,पंजाब के गुरदासपुर में सोमवार की सुबह हुए चरमपंथी हमले के बाद सुरक्षाबलों ने करीब 11 घंटे तक चली मुठभेड़ में तीनों चरमपंथियों को मार दिया था.,"पंजाब के गुरदासपुर में सोमवार की सुबह हुए चरमपंथी हमले के बाद सुरक्षाबलों ने करीब 11 घंटे तक चली मुठभेड़ में तीनों चरमपंथियों को मार दिया था. इस घटना में एक पुलिस अधीक्षक समेत चार पुलिसकर्मी और तीन नागरिक भी मारे गए थे. पंजाब मुठभेड़ में 10 मरे, चीनी ग्रेनेड मिले घटना की निंदा पाकिस्तान के विदेश मंत्रालय ने इस घटना की तीखी निंदा की है."
060717_iraq_mahmoudiya,hindi,ये हमला एक बाज़ार में हुआ. हमला किस तरह हुआ इस बारे में अधिकारी परस्पर विरोधी बातें बता रहे हैं लेकिन प्रत्यक्षदर्शियों के मुताबिक भारी गोलाबारी और धमाके हुए थे. महमूदिया नगर में शिया और सुन्नी दोनों समुदाय के लोग रहते हैं और यहाँ अकसर हमले होते रहते हैं. महमूदिया में स्थानीय पुलिस सूत्रों ने कहा है कि बाजा़र पर हथगोलों से हमला हुआ. लेकिन बग़दाद में अधिकारियों का कहना है कि धमाका एक कार बम फटने से हुआ. माना जा रहा है कि हताहतों में ज़्यादातर शिया मुसलमान हैं. इससे पहले रविवार को बग़दाद से 170 किलोमीटर दूर तुज़ खूरमातु नगर में एक कैफ़े हुए आत्मघाती हमले में कम से कम 23 लोग मारे गए थे. पुलिस का कहना है कि ये कैफ़े एक शिया मस्जिद के नज़दीक है और इलाक़े में ज़्यादातर तुर्क लोग रहते हैं. तुर्क और कुर्द समुदाय के लोगों के बीच तनाव की स्थिति बनी हुई है.,इराक़ में पुलिस ने कहा है कि राजधानी बग़दाद के पास महमूदिया नगर में हुए एक हमले में कम से कम 48 लोग मारे गए हैं और कई घायल हुए हैं.,<extra_id_0> -,ये हमला एक बाज़ार में हुआ.,ये हमला एक बाज़ार में हुआ. हमला किस तरह हुआ इस बारे में अधिकारी परस्पर विरोधी बातें बता रहे हैं लेकिन प्रत्यक्षदर्शियों के मुताबिक भारी गोलाबारी और धमाके हुए थे. महमूदिया नगर में शिया और सुन्नी दोनों समुदाय के लोग रहते हैं और यहाँ अकसर हमले होते रहते हैं.
040110_mail_bp,hindi,"ब्रिटेन में एक शोध में ये बात सामने आई है कि ऐसे धमकी के अंदाज़ में भेजी गई ई-मेल से कर्मचारियों का ब्लड प्रेशर बढ़ जाता है. ये शोध बकिंघमशर में चिल्टर्न्स यूनिवर्सिटी कॉलेज के वैज्ञानिकों ने किया. ब्लड प्रेशर तब सबसे ज़्यादा बढ़ा जब ई मेल बॉसों की ओर से आए और वो भी धमकाने वाले तेवर में हावर्ड टेलर संस्था से जुड़े मनोवैज्ञानिक, प्रोफ़ेसर कैरी कूपर का कहना है कि कर्मचारियों को अनुशासित करने के लिए ई-मेल का प्रयोग नहीं किया जाना चाहिए. उन्होंने बताया कि इस बात के प्रमाण हैं कि ब्लड प्रेशर बढ़ने के कारण बाद में जाकर स्वास्थ्य पर बुरा असर पड़ता है. शोध इस शोध के लिए 48 लोगों को चुना गया. फिर ये देखा गया कि अलग-अलग परिस्थितियों में अलग ई-मेलों का उनके ब्लड प्रेशर पर क्या असर पड़ता है. इसमें इन लोगों के पास दो तरह के लोगों के मेल भेजे गए- एक उनके समकक्षों के और दूसरा उनके बॉसों के. फिर उनकी भाषा भी अलग थी- एक सामान्य और एक धमकी वाली. शोध से जुड़े हावर्ड टेलर ने कहा,""ब्लड प्रेशर तब सबसे ज़्यादा बढ़ा जब ई मेल बॉसों की ओर से आए और वो भी धमकाने वाले तेवर में"". शोधकर्ता इस नतीजे पर पहुँचे कि इस तरह के ई-मेलों से काम पर बुरा असर पड़ता है. ई-मेल पर पाबंदी ई-मेल हमारे लिए अब सहयोगी नहीं रहा बल्कि ये हमें तनाव में डालने का एक माध्यम बन गया है प्रोफ़ेसर कैरी कूपर कुछ कंपनियों ने हाल ही में अपने यहाँ कर्मचारियों के बीच संवाद के लिए ई-मेल के प्रयोग पर पाबंदी लगा दी गई. उनका कहना है कि ई-मेल एक वरदान की जगह उनके लिए बोझ के समान बन गया है. प्रोफ़ेसर कैरी कूपर ने कहा,""ई-मेल हमारे लिए अब सहयोगी नहीं रहा बल्कि ये हमें तनाव में डालने का एक माध्यम बन गया है."" उन्होंने कहा कि दफ़्तरों में महत्वपूर्ण निर्देश जारी करने या कोई समाचार देने के लिए सबसे अच्छा तरीक़ा ये है कि बात सीधे मुँह पर जाकर कही जाए न कि ई-मेल के ज़रिए.",ई-मेल के ज़रिए अपने कर्मचारियों को धमकाने वाले बॉस मुश्किल में पड़ सकते हैं.,<extra_id_0> किया गया.,ब्रिटेन में एक शोध में ये बात सामने आई है कि ऐसे धमकी के अंदाज़ में भेजी गई ई-मेल से कर्मचारियों का ब्लड प्रेशर बढ़ जाता है.,"ब्रिटेन में एक शोध में ये बात सामने आई है कि ऐसे धमकी के अंदाज़ में भेजी गई ई-मेल से कर्मचारियों का ब्लड प्रेशर बढ़ जाता है. ये शोध बकिंघमशर में चिल्टर्न्स यूनिवर्सिटी कॉलेज के वैज्ञानिकों ने किया. ब्लड प्रेशर तब सबसे ज़्यादा बढ़ा जब ई मेल बॉसों की ओर से आए और वो भी धमकाने वाले तेवर में हावर्ड टेलर संस्था से जुड़े मनोवैज्ञानिक, प्रोफ़ेसर कैरी कूपर का कहना है कि कर्मचारियों को अनुशासित करने के लिए ई-मेल का प्रयोग नहीं किया जाना चाहिए."
131010_young_mothers_children_death_vs,hindi,"ब्रिटेन में बच्चों की मृत्यु पर प्रकाशित इस रिपोर्ट के अनुसार पिछले 20 साल में बच्चों की मृत्यु के आँकड़ों में 50 प्रतिशत की कमी आई है. बच्चों की कम उम्र में मौत का प्रमुख कारण युवा महिलाओं का माँ बनना है. हालांकि रिपोर्ट में कहा गया है कि सभी उम्र की महिलाओं को सहयोग की जरूरत है. इसे केवल किशोरावस्था की माताओं तक सीमित नहीं किया जाना चाहिए. किशोरी माताएं यह शोध यूसीएल के इंस्टीट्यूट ऑफ़ चाइल्ड हेल्थ ने किया है. इस शोध के लिए जनवरी 1980 से लेकर दिसंबर 2010 तक के आंकड़ों का इस्तेमाल किया गया. बच्चों को लगने वाली चोट, जन्म के समय बच्चे के वजन और माता की उम्र को शोध में खतरे का मूल्यांकन करने के लिए अध्ययन बिंदु बनाया गया. इसमें इंग्लैंड, स्कॉटलैंड और वेल्स में 30 से कम उम्र की माताओं और 30 से 34 उम्र की माताओं के नौ साल तक के बच्चों की मृत्यु के आँकड़ों में 11 प्रतिशत का अंतर देखा गया. नौ साल तक की उम्र तक के बच्चों की होने वाली कुल मौतों में बीस साल से कम उम्र की माताओं के बच्चों की मृत्यु दर 3.80 प्रतिशत थी. तुलनात्मक अध्ययन शोधकर्ती कहते हैं कि चोट बचपन में मृत्यु का सबसे बड़ा कारण है इस अध्ययन में विभिन्न आयु वर्ग में समान भार वाले बच्चों का भी तुलनात्मक अध्ययन किया गया. रिपोर्ट के अनुसार एक महीने से लेकर नौ महीने तक के शिशुओं के मृत्यु में भारी अंतर देखा गया. इस आयु वर्ग में 22 प्रतिशत मौतों के कारणों की व्याख्या नहीं की गई है जो माताओं द्वारा शराब के सेवन, धूम्रपान और एकाकीपन की परिस्थितियों से जुड़े हैं. रिपोर्ट में कहा गया है कि वर्तमान नीति किशोरावस्था में पहली बार माँ बनने वाली महिलाओं पर ध्यान देती है. यह पर्याप्त नहीं है क्योंकि तीस साल से कम उम्र की महिलाएं ब्रिटेन में पैदा होने वाले कुल बच्चों के 52 प्रतिशत हिस्से का प्रतिनिधित्व करती हैं. यूसीएल इंस्टीट्यूट ऑफ़ चाइल्ड हेल्थ के प्रमुख शोधकर्ता और क्लीनिकल एपिडिमॉलजी के प्रोफ़ेसर रथ गिलबर्ट कहते हैं कि शोध से मिले निष्कर्ष काफ़ी महत्वपूर्ण हैं. उनके अनुसार, ""किशोरावस्था में माँ बनना महिलाओं के लिए सामाजिक रूप से हानिकारक है, क्योंकि उच्च अध्ययन और करियर पर ध्यान देने वाली महिलाएं आमतौर पर गर्भधारण को 30 साल की उम्र तक रोक देती हैं."" चोट से होने वाली मौत प्रोफ़ेसर रथ गिलबर्ट के अनुसार, ""इस विषमता को ठीक करने के लिए वैश्विक नीतियों की आवश्यकता है."" पॉलिसी एण्ड चाइल्ड केयर ट्रस्ट में नीति और शोध विभाग के प्रमुख जिल रूटर सरकारी सहायता को बढ़ाने की बात कहते हैं. जिल बताते हैं, ""बाल मृत्यु के पीछे सामाजिक नुकसान और माताओं की उम्र जैसे कारण प्रमुख हैं. सरकार ने किशोरवस्था की माताओं के बच्चों की नाजुक स्थिति को पहचानते हुए पेरेंटिग के साथ-साथ अतिरिक्त सेवाएं प्रदान की हैं."" उनके अनुसार ""इंग्लैंड में फैमिली और नर्स की सहभागिता काफ़ी गहन और सुव्यवस्थित है. पहली बार बीस साल से कम उम्र में माँ बनने वाली महिलाओं की देखभाल के लिए घरों पर नर्स की सेवाएं उपलब्ध कराई जाती हैं."" जिल कहते हैं, ""विशेष तौर पर प्रशिक्षित नर्स गर्भधारण के शुरूआती महीनों से लेकर बच्चों के दो साल के होने तक नियमित रूप से देखभाल के लिए घर पर जाती हैं, लेकिन यह सेवा बड़ी उम्र में माँ बनने वाली महिलाओं को उपलब्ध नहीं है. हम चाहते हैं कि उनको भी नर्सों की सुविधा के दायरे में लाया जाए."" हेल्थकेयर क्वालिटी इम्प्रूवमेंट पार्टनरशिप के अध्ययन को रॉयल कॉलेज ऑफ़ पीडीऐट्रिक्स एण्ड चाइल्ड हेल्थ ने प्रकाशित किया है, जिससे अन्य महत्वपूर्ण तथ्य सामने आते हैं. पहला तथ्य यह है कि चोट लगना बचपन में मृत्यु का सबसे बड़ा कारण है लेकिन इसमें कमी आ रही है. वर्ष 1980 और 2010 के बीच चोट के कारण एक साल से चार साल तक की उम्र तक बच्चों में से 31 प्रतिशत की मृत्यु हुई. इन बच्चों की माताओं की उम्र 15 से 18 साल थी. ब्रिटेन के अन्य हिस्सों के मुकाबले इंग्लैंड में बाल मृत्यु दर की कमी में निरंतरता रही है, विशेषकर बड़े बच्चों की मृत्यु दर और कम रही है. शोधकर्ताओं का कहना है कि बड़ी उम्र में माँ बनने वाली महिलाओं को स्वास्थ्य सुविधा देकर बाल मृ्त्यु दर में कमी लाई जा सकती है. रॉयल कॉलेज के प्रेसीडेंट डॉ. हिलेरी कॉस कहते हैं कि चोट के कारण बच्चों की मौत चिंता की बात है. डॉ. हिलेरी कहते हैं, ""चोट बच्चों की मौत का सबसे बड़ा कारण है, लेकिन इसमें कमी आ रही है. इसलिए इस संबंध में सार्वजनिक नीति बनाने की आवश्यकता है."" विकलांगता और गंभीर बीमारियां इस अध्ययन से पता चला है कि ब्रिटेन में मरने वाले 70 प्रतिशत बच्चे कैंसर, श्वास नली में संक्रमण (सिस्टिक फाइब्रोसिस) या मिरगी जैसी गंभीर बीमारियों की चपेट में थे. यह आवश्यक रूप से बच्चों की मौत का प्रमुख कारण नहीं था, लेकिन उनकी मौत के कारकों में से एक है. प्रोफ़ेसर गिलबर्ट कहते है कि कुल बच्चों की मौत के आँकड़ों में कमी आ रही है, लेकिन गंभीर बीमारी और विकलांगता के साथ जन्म लेने वाले बच्चे पूरी स्थिति को गंभीर बना रहे हैं. इसके मायने हैं कि बच्चों की उचित सक्रिय देखभाल की आवश्यकता है. गिलबर्ट के अनुसार, ""गंभीर बीमारी वाले कुछ बच्चों को जिनकी मौत की आशंका है, उनको उच्च गुणवत्ता की चिकित्सकीय सुविधा मुहैया करवाने के साथ-साथ उनके परिवार को सहायता की जरूरत है."" वो कहते हैं, ""बाकी बच्चों की समय पूर्व मौत को रोका जा सकता था. गंभीर बीमारी वाले बच्चों की परिवार द्वारा घर पर देखभाल की जाती है, उनको प्राथमिक और सामुदायिक देखभाल की सेवाओं के साथ-साथ अस्पताल की सुविधा मिलती है. हमें घर के साथ-साथ अस्पतालों में बच्चों की दीर्घकालीन देखभाल की सुविधा उपलब्ध कराने की जरूरत पर ध्यान देना होगा."" (बीबीसी हिन्दी के एंड्रॉएड ऐप के लिए आप यहाँ क्लिक कर सकतें हैं. आप हमें फ़ेसबुक और ट्विटर पर फ़ॉलो भी कर सकते हैं)",ब्रिटेन में प्रकाशित एक रिपोर्ट के अनुसार तीस साल से कम उम्र में महिलाओं के माँ बनने से जन्म लेने वाले बच्चों की मृत्यु की आशंका अधिक होती है.,<extra_id_0> की मृत्यु,ब्रिटेन में बच्चों की मृत्यु पर प्रकाशित इस रिपोर्ट के अनुसार पिछले 20 साल में बच्चों की मृत्यु के आँकड़ों में 50 प्रतिशत की कमी आई है.,ब्रिटेन में बच्चों की मृत्यु पर प्रकाशित इस रिपोर्ट के अनुसार पिछले 20 साल में बच्चों की मृत्यु के आँकड़ों में 50 प्रतिशत की कमी आई है. बच्चों की कम उम्र में मौत का प्रमुख कारण युवा महिलाओं का माँ बनना है. हालांकि रिपोर्ट में कहा गया है कि सभी उम्र की महिलाओं को सहयोग की जरूरत है.
080419_china_france,hindi,"बीजिंग, वुहान, किंगदाओ समेत कई शहरों में चीन के लोग बड़ी संख्या में जमा हुए. सुरक्षा चिंताओं के कारण पुलिस बल भी तैनात किए गए थे. प्रदर्शनकारियों का कहना था कि फ़्रांस की राजधानी पेरिस में ओलंपिक मशाल यात्रा के दौरान हुई हिंसा से वे नाराज़ हैं. फ़्रांस के राष्ट्रपति निकोला सार्कोज़ी ने अभी तक पुष्टि नहीं की है कि वो ओलंपिक उदघाटन समारोह में हिस्सा लेंगे या नहीं. प्रदर्शन कर रहे लोगों ने इसके लिए भी फ़्रांसीसी राष्ट्रपति की निंदा की. वुहान शहर में एक फ़्रांसीसी सुपरमार्केट की दुकान के बाहर लोगों ने प्रदर्शन किया. इस फ़्रांसीसी चेन की चीन में 100 से ज़्यादा दुकानें हैं. हालांकि ये चेन अगस्त में कह चुकी है कि वो बीजिंग ओलंपिक आयोजित करने के चीन के अधिकार का समर्थन करती है. लेकिन कई प्रदर्शनकारियों का आरोप है कि फ़्रांसीसी सुपरमार्केट तिब्बत की आज़ादी का समर्थन करता रहा है. 'मीडिया का पक्षपात' लोगों ने “तिब्बत की आज़ादी का विरोध करो, ओलंपिक का समर्थन करो” या “फ़्रांसीसी उत्पाद नहीं चाहिए” जैसे नारे लगाए. तख़्तियों पर लिखे कई नारों पर तो फ़्रांसीसी झंडे में नाज़ियों का स्वास्तिका चिन्ह तक लगाया गया था. राजधानी बीजिंग में फ़्रांसीसी दूतावास और एक फ़्रांसीसी स्कूल के बाहर लोगों ने प्रदर्शन किया. लेकिन जल्द ही पुलिस ने स्थिति को संभाल लिया. चीन के बाहर भी चीन के सर्मथन में लोगों ने प्रदर्शन किया है. एपी के मुताबिक पेरिस में भी हज़ारों लोग टी-शर्ट पहने जमा हुए जिसपर लिखा हुआ था- ओलंपिक खेलों को एक तरह का पुल बनाएँ, दीवार नहीं. उधर ब्रिटेन और मैनचेस्टर शहरों में बीबीसी के कार्यालयों के बाहर भी करीब 1300 लोग इकट्ठा हुए. इन लोगों का आरोप था कि पश्चिमी देशों का मीडिया चीन की रिपोर्टिंग में पक्षपात बरत रहा है. पिछले कुछ दिनों में जहाँ-जहाँ भी ओलंपिक मशाल यात्रा हुई है, तिब्बत की आज़ादी के समर्थक लोगों ने इस दौरान तिब्बत में चीनी शासन के प्रति विरोध प्रदर्शन किया है. लंदन और पेरिस जैसे शहरों में प्रदर्शनकारियों और पुलिस के बीच झड़पों के बाद, बाक़ी देशों में ओलंपिक मशाल यात्रा के दौरान सुरक्षा कड़ी करनी पड़ी है.",चीन के कई शहरों में इकट्ठा हुए प्रदर्शनकारियों ने फ़्रांसीसी उत्पादों के बहिष्कार की माँग की है. इन लोगों ने तिब्बत की आज़ादी के अभियान की भी आलोचना की.,<extra_id_0> कर रहे हैं.,"बीजिंग, वुहान, किंगदाओ समेत कई शहरों में चीन के लोग बड़ी संख्या में जमा हुए.","बीजिंग, वुहान, किंगदाओ समेत कई शहरों में चीन के लोग बड़ी संख्या में जमा हुए. सुरक्षा चिंताओं के कारण पुलिस बल भी तैनात किए गए थे. प्रदर्शनकारियों का कहना था कि फ़्रांस की राजधानी पेरिस में ओलंपिक मशाल यात्रा के दौरान हुई हिंसा से वे नाराज़ हैं."
050218_ashura_history,hindi,यह दिन मोहर्रम की दसवीं तारीख़ है जो इस्लामी कैलेंडर के हिसाब से साल का पहला महीना है. आशूरा करबला में इमाम हुसैन की शहादत की याद में मनाया जाता है. हुसैन पैंग़ंबर हज़रत मोहम्मद के नवासे थे. शिया मुसलमान इस दिन उपवास रख कर उस घड़ी को याद करते हैं. इस दिन ताज़िए निकाल कर और मातम कर के 680 ईस्वी में आधुनिक इराक़ के करबला शहर में हुसैन की शहादत का ग़म मनाया जाता है. शिया पुरुष और महिलाएँ काले लिबास पहन कर मातम में हिस्सा लेते हैं. कहीं-कहीं यह मातम ज़ंजीरों और छुरियों से भी किया जाता है जब श्रद्धालु स्वंय को लहूलुहान कर लेते हैं. हाल में कुछ शिया नेताओं ने इस तरह की कार्रवाइयों को रोकने की भी बात कही है और उनका कहना है कि इससे बेहतर है कि इस दिन रक्तदान कर दिया जाए. हुसैन की शहादत ही वह मौक़ा था जब शिया और सुन्नी धड़ों के बीच ज़बरदस्त खाई पैदा हो गई. प्रारंभिक इस्लामी इतिहास में शिया एक राजनीतिक धड़े का हिस्सा थे जो पैंगंबर हज़रत मोहम्मद के दामाद और चौथे ख़लीफ़ा अली के समर्थक थे. वर्ष 661 ईस्वी में अली की हत्या हो गई और उनके मुख्य विरोधी मुवैया ख़लीफ़ा बन गए. इसी के बाद इस्लाम शिया और सुन्नी धड़ों में बंटा. ख़लीफ़ा मुवैया के बाद उनके उत्तराधिकारी यज़ीद ने गद्दी संभाली लेकिन अली के बेटे हुसैन ने उनकी ख़िलाफ़त मानने से इंकार कर दिया और उसके बाद दोनों पक्षों के बीच लड़ाई शुरू हुई. वर्ष 680 ईस्वी में हुसैन और उनके अनुयायी करबला के मैदान में शहीद हो गए. अली और हुसैन की शहादत के बाद शिया समुदाय ने अपने तरीक़े से अन्याय और दमन के ख़िलाफ़ आवाज़ उठानी शुरू कर दी. इस समय शिया दुनिया की कुल मुस्लिम आबादी का लगभग 15 प्रतिशत है.,आशूरा के दिन या 'यौमे आशूरा' का सभी मुसलमानों के लिए महत्व है लेकिन शिया मुसलमानों के लिए इसकी ख़ास अहमियत है.,<extra_id_0> करबला में,यह दिन मोहर्रम की दसवीं तारीख़ है जो इस्लामी कैलेंडर के हिसाब से साल का पहला महीना है.,यह दिन मोहर्रम की दसवीं तारीख़ है जो इस्लामी कैलेंडर के हिसाब से साल का पहला महीना है. आशूरा करबला में इमाम हुसैन की शहादत की याद में मनाया जाता है. हुसैन पैंग़ंबर हज़रत मोहम्मद के नवासे थे.
india-45617119,telugu,"కోట్ల రూపాయల రఫేల్ ఒప్పందంలో అనిల్ అంబానీని భారత ప్రభుత్వమే ఆఫ్సెట్ పార్ట్‌నర్‌లా మాపై 'రుద్దిందని' హోలన్‌ చెప్పారు. దీంతో ఈ ఒప్పందంలో పార్ట్‌నర్ ఎంచుకోవడంలో ప్రభుత్వ ప్రమేయం లేదని, విమానాలు తయారు చేసే దసో ఏవియేషనే దానిని ఎంచుకుందన్న మోదీ సర్కారు వాదనల్లో పసలేదని తేలిపోయింది. రక్షణపై జరిగిన క్యాబినెట్ భేటీ(సీసీఎస్)లో పాల్గొన్న రక్షణ మంత్రి నిర్మలా సీతారామన్ లాంటి టాప్ మంత్రులు కూడా అదే మాట చెబుతూ వచ్చారు. అసలు దసో ఏ కంపెనీని తమ భాగస్వామిగా ఎంచుకుందో కూడా ప్రభుత్వానికి తెలీదని సీతారామన్ చెప్పారు. కానీ, ఈ వాదన అంత నమ్మకంగా అనిపించదు. ఎందుకంటే, నాగ్‌పూర్‌లో అంబానీ ఫ్యాక్టరీని ఆమె సహచర మంత్రి నితిన్ గడ్కరీ స్వయంగా ప్రారంభించారు. అయినా మోదీ ప్రభుత్వం వైపు నుంచి నమ్మలేని వాదనలు, ప్రకటనలు వినిపిస్తూనే ఉన్నాయి. గత వారం విజయ్ మాల్యా పారిపోయే ముందు తనను కలిశాడని చెప్పడంలో నిజం లేదని కేంద్ర ఆర్థిక మంత్రి అరుణ్ జైట్లీ అన్నారు. మాల్యాకు తనెప్పుడూ అపాయింట్‌మెంట్ ఇవ్వలేదని చెప్పారు. కానీ మీటింగ్ జరిగింది, మాల్యా పారిపోయారు కూడా. కానీ మన ఆర్థిక మంత్రి తనను కాపాడుకోడానికి బలం లేని లీగల్ రీజన్స్ చెబుతున్నారు. రఫేల్ కుంభకోణం ఈ కుంభకోణం మూలం చూస్తే, మోదీ ద్వారా కోట్ల డాలర్ల జెట్ విమానాలు కొనుగోలు చేశారు. దానికి అవసరమైన అనుమతులు స్పష్టంగా లేవు. దానికి తోడు అనిల్ అంబానీ ఆయనతో ఉన్నారు. ఆయన కొన్ని రోజుల ముందే రక్షణ నిర్మాణ కంపెనీ రిజిస్ట్రేషన్ చేయించారు. మోదీ పారిస్‌లో ఈ ఒప్పందం గురించి ప్రకటించారు. ఆ సమయంలో రక్షణ మంత్రి మనోహర్ పారికర్ కూడా అది విని ఆశ్చర్యపోయారు. ప్రపంచంలోని టాప్ రక్షణ కంపెనీల్లో ఒకటైన దసోను భారత ప్రభుత్వం ఇప్పటివరకూ ఆ రంగంలో ఏమాత్రం అనుభవం లేని, ఇటీవల ఏర్పడిన ఒక కంపెనీతో కలిపింది. ఆ పని కోసం హిందుస్తాన్ ఏరోనాటిక్స్ లిమిటెడ్(హెచ్ఏఎల్)ను కూడా పక్కన పెట్టారు. అటు దసో కూడా ఎలాంటి ఎదురు ప్రశ్నలు వేయకుండా వారు చెప్పినట్టే చేసింది. బలహీనంగా ప్రభుత్వం డిఫెన్స్ సాధారణంగా సమస్యలపై పెద్దగా పట్టుబట్టని కాంగ్రెస్ అధ్యక్షుడు రాహుల్ గాంధీ ఈసారీ రఫేల్ ఒప్పందంలో భాగస్వామిని ఎంచుకోవడంలో కుంభకోణం జరిగిందని గట్టిగా వాదిస్తున్నారు. మోదీ ప్రభుత్వం మాత్రం ఎలాంటి బలమైన డిఫెన్స్ లేకుండానే ఆ ఆరోపణలను ఖండిస్తూ వస్తోంది. సీతారామన్ మొదట ఆ జెట్ విమానాల ధర ఎంతో చెబుతానని అన్నారు. కానీ తర్వాత అందులో రహస్యంగా ఉంచాల్సిన 'గోప్యతా నిబంధనలు' ఉన్నాయని మాటమార్చారు. ఈ మధ్యలో మోదీ ప్రభుత్వంలోని 'చీర్ లీడర్స్, ఆయన ప్రచారకులు' మాత్రం 'ఈ ఒప్పందంలో అవినీతి కాదు, తెలివితక్కువ తనం ఉందని' ఎలాంటి విచారణ లేకుండానే మోదీ ప్రభుత్వానికి మీడియాలో క్లీన్ చిట్ ఇచ్చేశారు. ప్రస్తుత సర్కారును కీర్తించడంలో మునిగిపోయిన భారత మీడియాలోని ఒక భాగం దీన్ని పట్టించుకోకపోయినా, రఫేల్ కుంభకోణం మోదీ ప్రభుత్వానికి పెద్ద షాకే ఇచ్చింది. ఇప్పుడు, మోదీ మౌనంగా ఉండడం వల్ల ఆయనకు ఎలాంటి ప్రయోజనం ఉండదు. ఇటు, అనిల్ అంబానీ కూడా 'రక్షణ రంగంలో ఎలాంటి అనుభవం లేని వారికి ఈ ఒప్పందం అప్పగించారని' ప్రశ్నించిన విపక్ష నేతలపైనే పరువు నష్టం కేసులు వేస్తున్నారు. మీడియా తనపై ఇలాంటి ఆరోపణలు చేయడం ఆపాలని కూడా అంబానీ అంటున్నారు. ముందు ముందు ఏం జరుగుతుంది? ఇక్కడ గమనిస్తే, ఇలాంటి ఆఫ్‌సెట్ ఒప్పందాల్లో అత్యున్నత స్థాయి రక్షణ నిర్మాణం ట్రాక్ రికార్డ్ ఉండడంతోపాటు, మొదటి నుంచీ ప్రభుత్వ సంస్థ అయిన హిందుస్తాన్ ఏరోనాటిక్స్ లిమిటెడ్(హెచ్ఏఎల్)ను కేంద్రం పక్కనపెట్టిందనే విషయం తెలుస్తుంది. రక్షణ మంత్రిగా ఉన్న ప్రతిపక్షంలోని ఒక సీనియర్ నేత అయితే 'ఈ అంశంలో కేంద్ర ప్రభుత్వం షాక్ తిన్నట్టు కనిపిస్తోందని' అన్నారు. ప్రజల డబ్బుకు తనను తాను చౌకీదార్‌(గార్డ్)గా చెప్పుకున్న మోదీ వాదనపై కుంభకోణం ప్రభావం ఎక్కువగా పడుతుంది. రఫేల్ ఒప్పందం విషయంలో మోదీ స్వయంగా ఏకపక్ష నిర్ణయం తీసుకుని ఉంటే, జరగబోయే నష్టంతో ఆయన వ్యక్తిత్వంపై కూడా ప్రభావం పడుతుంది. ప్రతిపక్షంలోని ఒక సీనియర్ నేత చెప్పినట్టు రఫేల్ డీల్ రాబోవు సాధారణ ఎన్నికల్లో పెద్ద అంశంగా అవుతుంది. రాహుల్ గాంధీ కూడా తన ప్రతినిధుల సమావేశంలో ఇదే మాట చెప్పారు. ""మోదీ, అనిల్ అంబానీ కలిసి భారతీయ భద్రతాదళాలపై 130 వేలకోట్ల రూపాయల సర్జికల్ స్ట్రైక్స్ చేశారు. మోదీజీ మీరు మన అమర జవాన్ల రక్తాన్ని అవమానించారు. అందుకు సిగ్గుపడాలి. మీరు భారత్ ఆత్మను మోసం చేశారు"" అన్నారు. విపక్షాలు ప్రధానిపై ఆరోపణలు సంధిస్తున్న ఈ జోరును చూస్తే మరో సంకేతం కూడా కనిపిస్తోంది. ఫ్రాన్స్‌వో హోలన్ వ్యాఖ్యల గురించి ఫ్రాన్స్ మీడియా తొందరలోనే ఫాలోఅప్ ఇస్తుందనే ఆశించవచ్చు. ఇప్పటివరకైతే నాకు ఒకటే అనిపిస్తోంది. పాత భూతం బోఫోర్స్‌లా, మళ్లీ ఒక రక్షణ ఒప్పందం మరో ప్రధానమంత్రి వ్యూహాలను తలకిందులు చేయవచ్చు. ( రచయిత్రి వ్యక్తిగత అభిప్రాయం ) ఇవి కూడా చూడండి: (బీబీసీ తెలుగును ఫేస్‌బుక్, ఇన్‌స్టాగ్రామ్‌, ట్విటర్‌లో ఫాలో అవ్వండి. యూట్యూబ్‌లో సబ్‌స్క్రైబ్ చేయండి.)","ప్రధాన మంత్రి నరేంద్ర మోదీకి తన మాటల చాతుర్యంపై చాలా నమ్మకం ఉంది. ఆయన్ను ఒక మంచి వక్తగా భావిస్తారు. అయితే, రఫేల్ ఒప్పందం గురించి ఫ్రాన్స్‌ మాజీ అధ్యక్షుడు ఫ్రాస్స్‌వో హోలన్ సంచలన వ్యాఖ్యలు చేసి 48 గంటలైనా ప్రధాని మౌనంగానే ఉన్నారు.",<extra_id_0>..,కోట్ల రూపాయల రఫేల్ ఒప్పందంలో అనిల్ అంబానీని భారత ప్రభుత్వమే ఆఫ్సెట్ పార్ట్‌నర్‌లా మాపై 'రుద్దిందని' హోలన్‌ చెప్పారు.,"కోట్ల రూపాయల రఫేల్ ఒప్పందంలో అనిల్ అంబానీని భారత ప్రభుత్వమే ఆఫ్సెట్ పార్ట్‌నర్‌లా మాపై 'రుద్దిందని' హోలన్‌ చెప్పారు. దీంతో ఈ ఒప్పందంలో పార్ట్‌నర్ ఎంచుకోవడంలో ప్రభుత్వ ప్రమేయం లేదని, విమానాలు తయారు చేసే దసో ఏవియేషనే దానిని ఎంచుకుందన్న మోదీ సర్కారు వాదనల్లో పసలేదని తేలిపోయింది. రక్షణపై జరిగిన క్యాబినెట్ భేటీ(సీసీఎస్)లో పాల్గొన్న రక్షణ మంత్రి నిర్మలా సీతారామన్ లాంటి టాప్ మంత్రులు కూడా అదే మాట చెబుతూ వచ్చారు."
international-47927127,telugu,"మాస్కోలోని రిమాండ్ సెంటర్లలో కుండలినీ యోగాను గతేడాది ప్రయోగాత్మకంగా ప్రవేశపెట్టారు మాస్కోలోని రిమాండ్ సెంటర్లలో కుండలినీ యోగాను గతేడాది ప్రయోగాత్మకంగా ప్రవేశపెట్టారు. ఖైదీల్లో కోపతాపాలను, అనారోగ్యాలను నివారించేందుకు యోగా తరగతులు ఉపయోగపడతాయని అప్పట్లో చెప్పారు. అయితే, ఈ కుండలినీ యోగా తరగతులను నిర్వహించటంపై చట్టబద్ధతను పరిశీలించాలని ప్రభుత్వ న్యాయవాది (ప్రాసిక్యూటర్ జనరల్)ను సెనెటర్ యెలెన మిజులిన కోరారు. ఈ నేపథ్యంలో యోగా తరగతులపై దర్యాప్తు జరిపారు. ఆ సందర్భంగా జైళ్లలో యోగా తరగతుల నిర్వహణను రద్దు చేశారని మాస్కోవ్‌స్కీ కొమ్‌సొమొలెట్స్ వార్తాపత్రిక ఒక కథనంలో తెలిపింది. ఈ వ్యవహారంపై మాస్కోకు చెందిన విద్యారంగ ప్రముఖుడు, ప్రొఫెసర్ అలెగ్జాండర్ డ్వొర్కిన్ ఒక పత్రాన్ని రచించారు. మైనార్టీ మతాలను 'నియంతృత్వ వర్గాలు'గా పరిగణిస్తూ, వాటి ప్రభావాన్ని వ్యతిరేకించే డ్వొర్కిన్ రచించిన ఈ పత్రంపై రష్యన్ మీడియాలో ఆగ్రహావేశాలు వెల్లువెత్తాయి. ప్రొఫెసర్ అలెగ్జాండర్ డ్వొర్కిన్ రష్యాలో ఒక ప్రభావవంతమైన వ్యక్తి. రష్యాకు చెందిన శక్తివంతమైన సాంప్రదాయ చర్చి ఆధ్వర్యంలో నడిచే ఒక యూనివర్శిటీలో ఆయన బోధిస్తుంటారు. అలాగే మత సంబంధ వ్యవహారాలపై న్యాయ శాఖకు సలహాలు ఇచ్చే మండలికి ఆయన నేతృత్వం వహిస్తున్నారు. ఖైదీల్లో కోపతాపాలను, అనారోగ్యాలను నివారించేందుకు యోగా తరగతులు ఉపయోగపడతాయని గతేడాది చెప్పారు 'సెక్స్ కోరికలు పెరుగుతాయి.. హోమో సెక్సువల్స్ అవుతారు.. నిరాహారదీక్షలు చేస్తారు' హిందూయిజం మూలాలున్న కుండలినీ యోగాతో.. ''నియంత్రించుకోలేనంతగా కామోద్దీపన కలుగజేసే అవకాశం ఉంది.. దీంతో ఖైదీల మధ్య హోమోసెక్స్ సంబంధాలు ఏర్పడతాయి'' అని ప్రొఫెసర్ డ్వొర్కిన్ ఆందోళన వ్యక్తం చేశారని మాస్కోవ్‌స్కీ కొమ్‌సొమొలెట్స్ వార్తాపత్రిక కథనం తెలిపింది. ఈ పరిస్థితులు భద్రతాపరమైన ఆందోళనలకు కూడా దారితీస్తాయని ఆయన తెలిపారు. ''కొంతమంది గే (స్వలింగ సంపర్కు)లు తమకు ఆహారాన్ని అందిస్తున్నారని భావించిన ఖైదీలు దీనికి నిరసనగా నిరాహారదీక్షలకు దిగే అవకాశం ఉంది'' అని డ్వొర్కిన్ చెప్పారని వార్తాపత్రిక వెల్లడించింది. అయితే, నైతికత కోసం ప్రచారోద్యమం చేస్తున్న సెనేటర్ మిజులిన, ప్రొఫెసర్ డ్వొర్కిన్‌లు ఇద్దరినీ జైలు అధికారులు నిరాశకు గురిచేశారు. ఖైదీలకు యోగా ఎంతో మేలు చేస్తుందని, పైగా స్వలింగ సంపర్కంతో యోగాకు ఎలాంటి సంబంధం లేదని జైలు అధికారులు నిర్వహించిన అధికారిక పరిశోధన తెలిపింది. జైళ్ల శాఖ డిప్యూటీ ఛీఫ్ వాలెరీ మాక్సిమెన్కో రష్యా ప్రభుత్వ అధికారిక రేడియో గొవొరిట్ మొస్క్వతో మాట్లాడుతూ.. యోగా చేసే ఖైదీలకు తక్కువ వైద్య సహాయం అవసరమవుతోందని, వీళ్లలో ఎవ్వరూ యోగా వల్ల స్వలింగ సంపర్కులు కావటం లేదని చెప్పారు. ''ఒకవేళ వారిలో ఎవరైనా స్వలింగ సంపర్కులు ఉన్నప్పటికీ, మన దేశంలో ప్రజాస్వామ్యం ఉంది. ప్రతి ఒక్కరూ, చట్టానికి లోబడి.. తమదైన మార్గం ఎంచుకునేందుకు హక్కు ఉంది'' అని ఆయన తెలిపారు. అలాగే, అమెరికాలో చదువుకున్న ప్రొఫెసర్ డ్వొర్కిన్‌ గురించి మాక్సిమెన్కో విమర్శలు చేస్తూ, ఆయనొక ''వింత క్యారెక్టర్.. బూజుపట్టిన సిద్ధాంతాలతో కాలం గడుపుతుంటారు'' అని అన్నారు. రష్యాలో స్వలింగ సంపర్కం చట్టబద్ధమే. అయితే, 2013లో స్వలింగ సంపర్కం గురించిన విద్యపైన, స్వలింగ సంపర్క జీవితం గురించి సానుకూలంగా అభివర్ణించటంపైన క్రూరమైన ఆంక్షలు విధిస్తూ చట్టం చేశారు. ఈ చట్టాన్ని రూపొందించింది సెనేటర్ మిజులిన. ‘హోమో సెక్సువల్ ప్రచారం’ను రద్దు చేస్తూ 2013లో ప్రవేశపెట్టిన చట్టాన్ని రూపొందించారు సెనేటర్ మిజులిన 'తప్పుడు వార్తలు' కాగా, తన లేఖపై ప్రజల నుంచి ఎదురవుతున్న అవహేళనల నేపథ్యంలో మీడియా రాతలు 'తప్పుడు వార్తలు' అని మిజులిన అన్నారు. యోగాను రద్దు చేయాలని తాను లేఖలో డిమాండ్ చేయలేదని, ఈ తరగతుల నిర్వహణ చట్టబద్ధతను పరిశీలించాలని మాత్రమే ప్రభుత్వ న్యాయవాదిని కోరానని కొమ్సొమొల్సకయ ప్రవ్డ పత్రికతో అన్నారు. ''ఒక రష్యా పౌరుడి విజ్ఞప్తికి స్పందించి పార్లమెంటు సభ్యురాలిగా నేను నా పని చేశాను'' అని ఆమె చెప్పారు. తాను మరొక లేఖ రాయాలనుకుంటున్నానని తన విమర్శకులకు ఆమె వార్నింగ్ ఇచ్చారు. ఈసారి.. రష్యాలో కొత్తగా ప్రవేశపెట్టిన తప్పుడు వార్తలకు వ్యతిరేక చట్టాన్ని జర్నలిస్టులు అతిక్రమిస్తున్నారేమో చూడాలని మీడియా వ్యవహారాలను చూసే అధికారిక సంస్థను కోరతానని చెప్పారు. ఇవి కూడా చదవండి: (బీబీసీ తెలుగును ఫేస్‌బుక్, ఇన్‌స్టాగ్రామ్‌, ట్విటర్‌లో ఫాలో అవ్వండి. యూట్యూబ్‌లో సబ్‌స్క్రైబ్ చేయండి.)",జైళ్లలో రద్దు చేసిన యోగా తరగతులను రష్యా తిరిగి ప్రవేశపెడుతోంది. మత మైనార్టీలను వ్యతిరేకించే వారి నుంచి వచ్చిన ఆందోళనల నేపథ్యంలో జైళ్లలో యోగా తరగతులను కొద్ది కాలం కిందట రద్దు చేశారు.,<extra_id_0>..,మాస్కోలోని రిమాండ్ సెంటర్లలో కుండలినీ యోగాను గతేడాది ప్రయోగాత్మకంగా ప్రవేశపెట్టారు మాస్కోలోని రిమాండ్ సెంటర్లలో కుండలినీ యోగాను గతేడాది ప్రయోగాత్మకంగా ప్రవేశపెట్టారు.,"మాస్కోలోని రిమాండ్ సెంటర్లలో కుండలినీ యోగాను గతేడాది ప్రయోగాత్మకంగా ప్రవేశపెట్టారు మాస్కోలోని రిమాండ్ సెంటర్లలో కుండలినీ యోగాను గతేడాది ప్రయోగాత్మకంగా ప్రవేశపెట్టారు. ఖైదీల్లో కోపతాపాలను, అనారోగ్యాలను నివారించేందుకు యోగా తరగతులు ఉపయోగపడతాయని అప్పట్లో చెప్పారు. అయితే, ఈ కుండలినీ యోగా తరగతులను నిర్వహించటంపై చట్టబద్ధతను పరిశీలించాలని ప్రభుత్వ న్యాయవాది (ప్రాసిక్యూటర్ జనరల్)ను సెనెటర్ యెలెన మిజులిన కోరారు."
international-51083974,telugu,"ఈ సంక్షోభంలో ఎవరు లాభపడతారు? ఎవరు నష్టపోతారు? అనేది అమెరికా, ఇరాన్‌లు తర్వాత ఏం చేస్తాయనే దానిని బట్టి వేగంగా మారిపోతుంటుంది. మరైతే విజేతలెవరు? పరాజితులెవరు? ఇరాన్ ఒక శక్తివంతమైన సైనిక నేతను కోల్పోయినప్పటికీ.. కాశిం సులేమానీ హత్య వల్ల ఇరాన్ స్వల్పకాలిక ప్రయోజనం పొందవచ్చు. సైనిక జనరల్ మరణం, ఆయన అంత్యక్రియల్లో భారీ ఎత్తున ప్రజలు పాల్గొనటం.. నవంబర్‌లో పెట్రోల్ ధరల పెంపుకు నిరసనగా తలెత్తిన ఆందోళనల మీద ప్రభుత్వం హింసాత్మకంగా విరుచుకుపడటం నుంచి ప్రజల దృష్టిని మళ్లించటానికి ఇరాన్‌కు ఉపయోగపడింది. నిలువుగా విభజితమై ఉన్న రాజకీయ నాయకత్వం.. సంక్షోభ సమయంలో ఏకీకృతం కాగల సామర్థ్యాన్ని ప్రదర్శించటానికి సులేమానీ మరణం వీలు కల్పించింది. అరాన్ అణు ఒప్పందం నుంచి అమెరికా అధ్యక్షుడు డోనల్డ్ ట్రంప్ 2018లో వైదొలగటంతో పాటు ఆంక్షలను పునరుద్ధరించటంతో ఇరాన్ ఆర్థిక ఒత్తిడిని ఎదుర్కొంటోంది. ఇరాన్ గత ఏడాది ఒక అమెరికా డ్రోన్‌ను కూల్చివేయటంతో పాటు, పలు ట్యాంకర్ ఓడలను నిర్బంధించటంతో ఉద్రిక్తతలు తలెత్తాయి. సెప్టెంబర్‌లో సౌదీ అరేబియా చమురు క్షేత్రాల మీద జరిగిన క్షిపణి దాడుల వంటి వాటికి ఇరాన్ ప్రోద్బలం ఉందన్న ఆరోపణలూ ఉన్నాయి. అయితే ఆ ఆరోపణలను ఇరాన్ తిరస్కరించింది. ఇరాక్‌లోని అమెరికా బలగాలు లక్ష్యంగా క్షిపణి దాడులు చేసిన ఇరాన్ ఇప్పటికే అమెరికా మీద ఎదురు దెబ్బ కొట్టింది. ఇంకా ప్రతీకార దాడులు చేయటం వాయిదావేసి.. ప్రజా సానుభూతిని కూడగట్టుకోవటం, తర్వాత ఏం జరుగుతుందనే ఉత్కంఠను రేకెత్తించటం ద్వారా ఇరాన్ మరింత ప్రయోజనం పొందవచ్చు. అయితే.. ఆ దేశం మరో చర్యకు దిగినట్లయితే.. దానిని విజేతగా పరిగణించబోరు. అమెరికా కన్నా సైనికపరంగా తక్కువ బలమున్న ఇరాన్.. సులేమానీ మరణానికి ప్రతీకారంగా ఇంకా ఎక్కడ, ఎటువంటి చర్యకు దిగుతుందనే దానిని బట్టి.. అమెరికాతో సైనిక చర్యలు, ప్రతి చర్యల వలయంలో చిక్కుకుని దెబ్బతినవచ్చు. ఇప్పటికే భారీ ఆంక్షలు ఎదుర్కొంటూ.. అణు ఒప్పందానికి కట్టుబడి ఉండాలన్న ఒత్తిడిని తట్టుకుంటూ ఉన్న ఇరాన్‌.. సంక్షోభం ఇంకా పెరుగుతూ పోతే మరింత ఏకాకిగా మారవచ్చు. అమెరికా ఇరాన్ సైనిక బలాన్ని దెబ్బకొట్టటంలో ట్రంప్ ప్రభుత్వం సఫలమై ఉండొచ్చు. అది నవంబర్‌లో జరిగే ఎన్నికల్లో ట్రంప్ రెండోసారి అధ్యక్షుడిగా ఎన్నికయ్యే అవకాశాన్ని మెరుగుపరచి ఉండొచ్చు. ఇప్పటికే తన శక్తి ఏమిటనే సందేశాన్ని.. ఇజ్రాయెల్, సౌదీ అరేబియా వంటి మిత్రపక్షాలకు సంఘీభావ సందేశాన్ని అమెరికా చాటింది. అయితే.. దెబ్బకు దెబ్బ అనే తరహా సైనిక చర్యల్లోకి అమెరికా దిగినట్లయితే చమురు ధరలు పెరిగే అవకాశముంది. మరికొంతమంది అమెరికన్ల ప్రాణాలు పోవటంతో పాటు.. సుదీర్ఘకాలం సాగే ప్రాంతీయ యుద్ధాన్ని రగిలించవచ్చు. ఇది.. మధ్య ప్రాచ్యంలోను, దానికి ఆవలా చాలా దేశాల మీద ప్రభావం చూపగలదు. ఇరాక్‌లోని షియాలు ఇరాక్‌లో ఇరాన్ మద్దతున్న షియా మిలీషియాలు.. ప్రస్తుత సంక్షోభం నుంచి స్వల్పకాలిక లాభం పొందే అవకాశముంది. ఇరాక్‌లో ఇరాన్ ప్రభావం అంశంపై ఇరాక్ ప్రభుత్వం గత కొన్ని నెలలుగా తీవ్ర నిరసనలను ఎదుర్కొంటోంది. మరోవైపు పరిపాలన అధమంగా ఉందని, అవినీతి పెరిగిపోతోందని ఫిర్యాదులూ ఉన్నాయి. ఈ మిలీషియాలు, ఇరాక్‌లోని మిగతా రాజకీయ వర్గం.. ఇరాక్‌లో తాము కోల్పోయిన పట్టును మళ్లీ సంపాదించుకోవటానికి, తాము దేశంలో ఉండాల్సిన అవసరం ఉందనే వాదనను బలోపేతం చేసుకోవటానికి సులేమానీ మరణాన్ని వాడుకుంటున్నాయి. ఇరాక్ నుంచి అమెరికా బలగాలను తరిమివేయాలనే ప్రతిజ్ఞ.. చాలా కాలంగా ఈ గ్రూపులను ఏకం చేసే నినాదంగా ఉపయోగపడుతోంది. వారి నాయకులు దీనిని ఉపయోగించుకుంటున్నారు. ఈ పరిస్థితుల్లో తలెత్తిన భద్రతా లోపాన్ని ఇస్లామిక్ స్టేట్, అల్-ఖైదా వంటి ఉగ్రవాద సంస్థలు ఉపయోగించుకునే అవకాశముంది. ఇజ్రాయెల్ మధ్య ప్రాచ్యంలో తమ ప్రయోజనాల విషయమై ఇరాన్ - ఇజ్రాయెల్‌ల మధ్య సుదీర్ఘ కాలంగా సంఘర్షణ కొనసాగుతోంది. ఈ యూదు దేశాన్ని తొలగించాలన్నది ఇరాన్ ప్రగాఢ వాంఛ. ఇజ్రాయెల్ కోణంలో చూస్తే.. చాలా ప్రమాదాలు ఇంకా కొనసాగుతూనే ఉన్నాయి. ఇజ్రాయెల్ ప్రత్యర్థులైన లెబనాన్ మిలిటెంట్ గ్రూప్ హిజ్బుల్లా, సిరియా అధ్యక్షుడు బషర్ అల్-అసద్‌లకు ఇరాన్ మద్దతు ఇస్తుండటం అందులో ఒకటి. అయితే.. ఇరాన్‌ను కట్టడిచేయాలని అమెరికాలో పెరుగుతున్న పట్టుదలను సులేమానీ మరణం చాటుతోంది. ఈ పరిణామాన్ని ఇజ్రాయెల్‌లో.. ఇరాన్, అది మద్దతు ఇచ్చే గ్రూపులకు వ్యతిరేకంగా తమ ప్రయోజనాలకు ఉపయోగపడే ఒక సానుకూల చర్యగా పరిగణించే అవకాశముంది. ''ఇజ్రాయెల్ శాంతి, భద్రత, ఆత్మ రక్షణ కోసం తన న్యాయమైన పోరాటంలో అమెరికాకు మద్దతుగా నిలుస్తుంది'' అని ఆ దేశ ప్రధానమంత్రి బెంజమిన్ నెతన్యాహు ఈ దాడి అనంతరం పేర్కొన్నారు. మధ్య ప్రాచ్యంలో నిరసనలు యుద్ధం జరిగే అవకాశం ఉండటం.. మధ్య ప్రాచ్య దేశాల ప్రభుత్వాలు ఈ ప్రాంతమంతటా నిరసనలను అణచివేయటానికి ఒక సాకుగా ఉపయోగపడుతుంది. ప్రత్యేకించి.. ఇరాక్‌, లెబనాన్, ఇరాన్‌లలో నిరుద్యోగం, అవినీతి వంటి అంశాల మీద ఇటీవలి నిరసనలను అణచివేయటం.. దేశ భద్రత పేరుతో కొనసాగుతుంది. రాజకీయ కార్యకర్తల మీద విరుచుకుపడటానికి, రాజకీయ సంస్కరణల కోసం ఎటువంటి ప్రయత్నాలనైనా నిలిపివేయటానికి ప్రభుత్వాలు ఈ సంక్షోభాన్ని అడ్డుపెట్టుకుంటాయి. సౌదీ అరేబియా, యునైటెడ్ అరబ్ ఎమిరేట్స్ సౌదీ అరేబియా, యునైటెడ్ అరబ్ ఎమిరేట్స్ (యూఏఈ)లు ప్రమాదకర పరిస్థితుల్లో ఉన్నాయి. గత ఏడాది హోర్ముజ్ జలసంధిలో ఓడల మీద జరిగిన దాడుల్లో, సౌదీలోని చమురు క్షేత్రాల మీద దాడుల్లో ఈ రెండు దేశాలూ ప్రత్యక్షంగా ప్రభావితమయ్యాయి. ఆ దాడులు ఇరాన్ లేదా ఇరాన్ మద్దతున్న శక్తుల పనిగా భావిస్తున్నారు. అయితే వాటిలో తన పాత్ర ఏదీ లేదని ఇరాన్ నిరాకరించింది. యూఏఈ ఇరాన్‌తో ఉద్రిక్తతలను తగ్గించుకోవటానికి ప్రయత్నించింది. అయితే.. అమెరికా నుంచి గరిష్ట ఒత్తిడికి సౌదీ అరేబియా మద్దతివ్వటం కొనసాగించింది. సులేమానీ హత్య జరిగినప్పటి నుంచీ ఈ రెండు దేశాలూ సంయమనం, శాంతి పాటించాలని, ఉద్రిక్తతలు తగ్గించాలని పిలుపునిచ్చాయి. సౌదీ రక్షణ మంత్రి అమెరికా వెళ్లి ట్రంప్ ప్రభుత్వంతో చర్చలు జరిపారు. కానీ.. ఇరాన్‌తో వారి భౌగోళిక సామీప్యత, గతంలో ఉద్రిక్తతల చరిత్రను బట్టి.. ఇరాన్ దాడికి దిగేట్లయితే ఈ రెండు దేశాలూ లక్ష్యంగా మారే పరిస్థితులు ఉన్నాయి. యూరప్ బీటలువారిన ఇరాన్ అణు ఒప్పందాన్ని నిలబెట్టటానికి ఇప్పటికే తిప్పలుపడుతున్న యూరప్.. అమెరికా - ఇరాన్‌ల మధ్య చిక్కకుంది. అమెరికా డ్రోన్ దాడుల గురించి బ్రిటన్‌కు ముందస్తు హెచ్చరిక ఏదీ ఇవ్వలేదు. ఇది.. అట్లాంటిక్‌కి అటూ ఇటూ ఉద్రిక్తతలు కొనసాగుతుండటాన్ని లేదా కనీసం సమాచార లోపాన్ని సూచిస్తోంది. అదే సమయంలో.. ఐసిస్ మీద పోరాటంలో సహకరించిన పలు యూరప్ దేశాల బలగాలు ఇంకా ఇరాక్‌లో ఉన్నాయి. ఇరాన్ గనుక సైనిక ప్రతిస్పందనను ఎంచుకున్నట్లయితే ఆ దేశాలు ఈ సంఘర్షణ మధ్యలో చిక్కకునే పరిస్థితి ఉంది. మొత్తంమీద.. దాదాపు దశాబ్దం కిందట అరబ్ వసంతం ఆందోళనలను రగిల్చిన పరిపాలన, ప్రాంతీయ సుస్థిరత సమస్యలు ఇప్పటికీ అపరిష్కృతంగానే ఉన్నాయన్న విషయాన్ని సులేమానీ హత్య మనకు గుర్తుచేస్తుంది. డాక్టర్ సనమ్ వకీల్.. చాథం హౌస్‌ డిప్యూటీ ప్రెసిడెంట్, మిడిల్ ఈస్ట్, నార్త్ ఆఫ్రికా ప్రోగ్రామ్ సీనియర్ రీసెర్చ్ ఫెలో ఇవి కూడా చదవండి: (బీబీసీ తెలుగును ఫేస్‌బుక్, ఇన్‌స్టాగ్రామ్‌, ట్విటర్‌లో ఫాలో అవ్వండి. యూట్యూబ్‌లో సబ్‌స్క్రైబ్ చేయండి.)",ఇరాన్ సైనిక జనరల్ కాశిం సులేమానీని అమెరికా హత్య చేయటం - దానికి ప్రతీకారంగా ఇరాన్ క్షిపణులతో దాడి చేయటం.. ఈ పరిణామాలు తీవ్ర పర్యవసానాలు గల సంఘర్షణకు దారితీస్తాయన్న భయాందోళనలను పెంచేశాయి.,<extra_id_0>..,ఈ సంక్షోభంలో ఎవరు లాభపడతారు?,"ఈ సంక్షోభంలో ఎవరు లాభపడతారు? ఎవరు నష్టపోతారు? అనేది అమెరికా, ఇరాన్‌లు తర్వాత ఏం చేస్తాయనే దానిని బట్టి వేగంగా మారిపోతుంటుంది."
india-55280530,telugu,"పవార్ కాంగ్రెస్ పార్టీలో చేరి, మెల్లిగా పార్టీ పగ్గాలు చేజిక్కించుకోవాలంటూ కొన్ని వార్తా పత్రికల్లో కథనాలు వచ్చాయని, దానివల్లే పవార్ యూపీఏ అధ్యక్షునిగా బాధ్యతలు స్వీకరించబోతున్నారనే వార్త ప్రచారంలోకి వచ్చించని టైమ్స్ ఆఫ్ ఇండియా పేర్కొంది. గురువారం నాడు ఒక టీవీ ఛానల్ ఈ వార్తపై ఒక కథనం ప్రచురించింది. ఆ తరువాత మిగతా మీడియా కూడా దీని గురించి చర్చ మొదలెట్టింది. దాంతో ఎన్‌సీపీ జోక్యం చేసుకుని ఈ వార్తలన్నీ నిరాధారమైనవని కొట్టిపారేసింది. పార్టీ ముఖ్య ప్రతినిధి మహేష్ తాప్సే విలేఖరులతో మాట్లాడుతూ...ఈ అశంపై యూపీఏ పార్టీ ప్రతినిధులతో ఎలాంటి చర్చా జరగలేదని స్పష్టం చేసారు. ""రైతులు చేస్తున్న ఆందోళనలనుంచీ దృష్టి మళ్లించడానికి కొంతమంది స్వార్థపరులు మీడియాలో ఇలాంటి వదంతులు సృష్టిస్తున్నారని"" తాప్సే తెలిపారు. 'రాజకీయాల్లో ఏదైనా సాధ్యమే' అయితే, మహారాష్ట్రలో ఎన్‌సీపీ మిత్ర పక్షం శివసేన ""రాజకీయాల్లో ఏదైనా సాధ్యమే"" అని వ్యాఖ్యానించింది. ""రాజకీయాల్లో అనిశ్చితి అలుముకుందని, ముందు ముందు ఏం జరగబోతోందో ఎవరికీ తెలీదని"" శివసేన సీనియర్ నాయకులు, రాజ్యసభ ఎంపీ సంజయ్ రౌత్ అన్నారు. ""పవార్ సాబ్ యూపీఏ చైర్మన్ అయితే, అది మాకు ఆనందదాయకమే. కానీ, ఆయనే స్వయంగా ఈ వార్తను ఖండించారు. అయితే, దేశాన్ని ముందుకు నడిపే సామర్థ్యం శరద్ పవార్‌కు ఉంది"" అని రౌత్ తెలిపారు. మహారాష్ట్రలోని ఒక సీనియర్ నాయకుడు, మాజీ ముఖ్యమంత్రి ఈ అంశం గురించి పార్టీలో చర్చించారని, అయితే, ""ఎవరికీ దీని గురించి ఎలాంటి సమాచారం లేదని"" తెలిపినట్లు వార్తా సంస్థ పీటీఐ పేర్కొంది. రైతుల ఆందోళనల విషయమై శరద్ పవార్ ఇటీవల వార్తల్లో నిలిచారు. డిసెంబర్ 9వ తేదీన ప్రతిపక్ష పార్టీ ప్రతినిధుల బృందం, రాష్ట్రపతి రాంనాథ్ కోవింద్‌ను కలిసింది. ఈ బృందానికి శరద్ పవార్ నాయకత్వం వహించారు. ఐదుగురు సభ్యుల బృందంలో శరద్ పవార్‌తో పాటూ కాంగ్రెస్ నేత రాహుల్ గాంధీ, సీపీఎం ప్రధాన కార్యదర్శి సీతారాం ఏచూరి, సీపీఐ ప్రధాన కార్యదర్శి డీ రాజా, డీఎంకే నేత టీకేఎస్ ఎళంగోవన్ ఉన్నారు. యూపీఏ కూటమి 2004లో కాంగ్రెస్ ఇతర పార్టీలతో కలిసి ప్రభుత్వాన్ని ఏర్పాటు చేసిన సందర్భంలో యునైటెడ్ ప్రోగ్రెసివ్ అలయన్స్..యూపీఏ ఏర్పడింది. మన్మోహన్ సింగ్ ప్రధానమంత్రి కాగా, సోనియా గాంధీ ఈ కూటమికి అధ్యక్షత వహించారు. సోనియా గాంధీ 2017లో కాంగ్రెస్ పార్టీ అధ్యక్షురాలిగా పదవీ బాధ్యతలనుంచీ తప్పుకున్నప్పటికీ యూపీఏ అధ్యక్షులుగా కొనసాగుతున్నారు. తరువాత రాహుల్ గాంధీ కాంగ్రెస్ పార్టీ నాయకత్వం వహించారు. అయితే, 2019 ఎన్నికల్లో కాంగ్రెస్ ఘోర పరాజయం చవిచూడడంతో పార్టీ పగ్గాలు మళ్లీ సోనియా గాంధీకి అప్పగించారు. ఇవి కూడా చదవండి: (బీబీసీ తెలుగును ఫేస్‌బుక్, ఇన్‌స్టాగ్రామ్‌, ట్విటర్‌లో ఫాలో అవ్వండి. యూట్యూబ్‌లో సబ్‌స్క్రైబ్ చేయండి.)",నేషనలిస్ట్ కాంగ్రెస్ పార్టీ (ఎన్‌సీపీ) అధ్యక్షుడు శరద పవార్‌ను సోనియా గాంధీ స్థానంలో యూపీఏ అధ్యక్షులుగా నియమిస్తారనే వార్త కొద్ది రోజులుగా మీడియాలో హల్‌చల్ చేస్తోంది.,<extra_id_0>..,"పవార్ కాంగ్రెస్ పార్టీలో చేరి, మెల్లిగా పార్టీ పగ్గాలు చేజిక్కించుకోవాలంటూ కొన్ని వార్తా పత్రికల్లో కథనాలు వచ్చాయని, దానివల్లే పవార్ యూపీఏ అధ్యక్షునిగా బాధ్యతలు స్వీకరించబోతున్నారనే వార్త ప్రచారంలోకి వచ్చించని టైమ్స్ ఆఫ్ ఇండియా పేర్కొంది.","పవార్ కాంగ్రెస్ పార్టీలో చేరి, మెల్లిగా పార్టీ పగ్గాలు చేజిక్కించుకోవాలంటూ కొన్ని వార్తా పత్రికల్లో కథనాలు వచ్చాయని, దానివల్లే పవార్ యూపీఏ అధ్యక్షునిగా బాధ్యతలు స్వీకరించబోతున్నారనే వార్త ప్రచారంలోకి వచ్చించని టైమ్స్ ఆఫ్ ఇండియా పేర్కొంది. గురువారం నాడు ఒక టీవీ ఛానల్ ఈ వార్తపై ఒక కథనం ప్రచురించింది. ఆ తరువాత మిగతా మీడియా కూడా దీని గురించి చర్చ మొదలెట్టింది."
india-54943369,telugu,"జీఆర్ గోపినాథ్ ఆర్మీ నుంచీ పదవీ విరమణ పొందిన తరువాత వ్యాపారవేత్తగా మారిన గోపీనాథ్ 2003లో ఎయిర్ దక్కన్ పేరుతో ఒక విమానయాన సంస్థను స్థాపించి అత్యంత చౌక ధరలకే విమాన ప్రయాణాలు సాధ్యమయ్యేలా చేశారు. ఐరోపా నుంచీ ఈజీజెట్, రైయనెయిర్‌ లాంటి బడ్జెట్ విమానాలను ప్రయాణికులకు అనుగుణంగా మలచి, లక్షలాది భారతీయులు అతి తక్కువ ధరలకే విమాన ప్రయాణాలు చెయ్యగలిగేలా ఎయిర్ దక్కన్ సంస్థను రూపుదిద్దారు. అప్పట్లో ఎయిర్ దక్కన్ టికెట్ ధర మిగతా ఎయిర్‌లైన్స్ టికెట్ ధరల్లో సగమే ఉండేది. 2005లో గోపీనాథ్ రెండు ధరల విధానాన్ని ప్రవేశపెట్టారు. ముందుగా టికెట్ బుక్ చేసుకునే కొద్దిమంది ప్రయాణికులకు టికెట్లను ‘ఒక్క రూపాయి’కే విక్రయించారు. మిగతావారికి సాధారణ ఎయిర్ దక్కన్ ధరలకే టికెట్లు విక్రయించారు. అవి కూడా మిగతా ఎయిర్‌లైన్స్ టికెట్ ధరలకన్నా చాలా తక్కువగానే ఉండేవి. ఈ విధానం ప్రవేశపెట్టిన వెంటనే, ఊహించినట్లుగానే బుకింగ్ కౌంటర్లన్నీ జనాలతో కిక్కిరిసిపోయాయి. ఒక్కసారైనా విమానంలో ప్రయాణం చెయ్యాలని ఆశపడేవారందరూ టికెట్ కౌంటర్ల ముందు బారులు తీరారు. అయితే, ఇలాంటి విధానాలు విమానయాన పరిశ్రమను దెబ్బతీస్తాయని విమర్శకులు గగ్గోలుపెట్టారు. ""ఒక్క రూపాయి టికెట్ సంచలనం సృష్టించింది. అందరూ దాని గురించే మాట్లాడుకోవడం మొదలుపెట్టారు"" అని గోపీనాథ్ తన పుస్తకంలో రాసుకున్నారు. ఆయన తన స్వానుభవాలను పుస్తకల రూపంలో తీసుకొచ్చారు. తన బడ్జెట్ ఎయిర్‌లైన్స్, ఆకాశంలో ఎగిరే విమాన ప్రయాణ ధరలను నేలకు దించడమే కాకుండా, కంటికి కనిపించని కులం, వర్గం గోడలను కూడా కూల్చివేశాయని ఆయన అభిప్రాయపడ్డారు. తమిళంలో ‘సూరారై పోట్రు’ పేరుతో, తెలుగులో ‘ఆకాశం నీ హద్దురా’ పేరుతో ఈ వారం అమెజాన్ ప్రైమ్ వీడియోలో విడుదల అయిన సినిమా గోపీనాథ్ విజయయాత్రకు అద్దం పట్టింది. ఈ సినిమాను సుధ కొంగర దర్శకత్వంలో ఆస్కార్ అకాడమీ అవార్డ్ గ్రహీత గునీత్ మోంగా తెరకెక్కించారు. ""ఇది ఒక అద్భుతమైన కథ. ఉన్నవారికి, లేనివారికి మధ్య అంతరాన్ని తగ్గించడానికి కెప్టన్ గోపీనాథ్ చేసిన గొప్ప ప్రయత్నం. చౌక ధరల్లో విమానయానం సాధ్యమని తెలిసినప్పుడు ఎంతోమంది భారతీయులు సంతోషపడ్డారు"" అని మోంగా బీబీసీకి తెలిపారు. ""ఆర్థిక అంతరాలను, తరగతి అడ్డుగోడలను కూల్చి గోపీనాథ్ విమాన ప్రయాణాల్లో విప్లవాత్మకమైన మార్పులను తీసుకొచ్చారని"" ఈ సినిమాలో గోపీనాథ్ పాత్ర పోషించిన తమిళ నటుడు సూర్య తెలిపారు. ‘ఆకాశం నీ హద్దు రా’ సినిమాలో ఒక కమర్షియల్ సినిమాకు కావలసిన అన్ని హంగులూ చొప్పించారు. పాటలు, డాన్సులు, మెలోడ్రామా, కులం, తరగతి వెలివేతలపై దృష్టి...ఇలా అన్నీ సమపాళ్లల్లో చేకూర్చి ఈ సినిమాను రూపొందించారు. ముఖ్యంగా, ఈ సినిమాలో..ప్రాంతీయంగా కనెక్టివిటీని విస్తరించడానికి దేశంలో వ్యర్థంగా పడి ఉన్న 500 విమానాశ్రయాలను, ఎయిర్‌స్ట్రిప్‌లను గోపినాథ్ ఎలా ఉపయోగించుకున్నారన్నది సమర్థవంతంగా తెరకెక్కించారు. అంతే కాకుండా, గోపీనాథ్ కలలను సాకారం చేసుకోవడంలో ఆయన భార్య, ఆర్మీ స్నేహితుల తోడ్పాటును కూడా ఈ సినిమాలో చూపించారు. గోపీనాథ్ భార్య బేకరీ బిజినెస్ చేస్తూ ఆయనకు ఆర్థికంగా, నైతికంగా ఆద్యంతం వెన్నుదన్నుగా నిలిచారు. ""ఈ సినిమా అంతా గోపీనాథ్ దేనికోసం పోరాడారన్నదానిపై దృష్టి పెడుతుంది. ఆర్థిక, కులాల అంతరాలకు అతీతంగా అందరికీ సమాన ప్రవేశార్హత, హక్కులు ఉండాలన్నదే ఆయన ధ్యేయం. ఈ ప్రయాణంలో ఆయనకు అనేక ఎదురు దెబ్బలు తగిలాయి. అయినప్పటికీ నిరాశ చెందకుండా తన లక్ష్య సాధన దిశగా కృషి చేసారు. గోపీనాథ్ కథ స్ఫూర్తిదాయకమైనది""అని సూర్య అభిప్రాయపడ్డారు. ఈ సినిమాను అనేకమంది ప్రశంసలతో ముంచెత్తుతున్నారు. ఇది ‘కుల అంతరాలపై చేసిన బలమైన వ్యాఖ్య’ అనీ, ‘పదునైన బాణంలా గుచ్చుకుంటుందనీ’, ‘స్ఫూర్తిదాయకమైన కథ’ అంటూ ప్రశంసలు కురిపిస్తున్నారు. కేప్టన్ గోపీనాథ్ కర్నాటకలోని ఒక కుగ్రామంలో జన్మించారు. ఆయన తండ్రి ఒక చిన్న బడిలో ఉపాధ్యాయుడిగా పనిచేస్తూ, వ్యవసాయం కూడా చేసేవారు. గోపీనాథ్ ఆర్మీలో చేరి, 1971 బంగ్లాదేశ్ విమోచన యుద్ధంలో పాల్గొన్నారు. అయితే, 28 ఏళ్ల వయసులోనే ఆర్మీ నుంచి రిటైర్ అయ్యారు. తరువాత స్నేహితులతో కలిసి పట్టుపరిశ్రమ, ఆతిధ్య రంగాలతో సహా వివిధ వ్యాపార రంగాలలో కాలు పెట్టారు. ""ఆ వయసులో నాకు దేనిలోనూ తృప్తి ఉండేది కాదు. ఇంకా ఏదో చెయ్యాలనే తపన ఉండేది. సంపదను అందరికీ అందుబాటులోకి తీసుకురావలనే పిచ్చితో తిరుగుతుండేవాడిని"" అని గోపీనాథ్ బీబీసీకి తెలిపారు. 1997లో మొదటి ప్రైవేట్ చార్టర్ సంస్థగా ఒక హెలికాఫ్టర్ సర్వీస్‌ను గోపీనాథ్ ప్రారంభించారు. ""మ్యాప్‌లో మీరే ప్రదేశాన్ని సూచిస్తే, అక్కడకు మిమ్మల్ని తీసుకెళతాం"" అనే ట్యాగ్‌లైన్‌తో దీన్ని ప్రారంభించారు. 2000లో విహారయాత్రలకు యూఎస్ వెళ్లినప్పుడు మొట్టమొదటిసారి ఆయనకు తక్కువ ధరలకు విమాన ప్రయాణాలను ప్రారంభించాలనే ఆలోచన వచ్చింది. ఫీనిక్స్‌లో స్థానిక విమానాశ్రయంలో ఒకరోజుకు 1000 విమానాలు వస్తూ పోతున్నాయని, 1,00,000 మంది ప్రయాణీకులు విమానాయానం చేస్తున్నారని గమనించారు. ఒక మారుమూల ప్రాంతలో ఉన్న విమానాశ్రయం, ఇండియాలో ఉన్న మొత్తం 40 విమానాశ్రయాల కంటే ఎక్కువ సంఖ్యలో విమానాలను నిర్వహిస్తున్నదన్న విషయం ఆయనకు నమ్మశక్యం కాలేదు. యూఎస్‌లో రోజుకు 40,000 విమానాలను నడుపుతున్నారని, ఇండియాలో కేవలం 420 విమానాలు మాత్రమే నడుపుతున్నారని గోపీనాథ్ గ్రహించారు. ఆయన వెంటనే ఒక చిన్న లెక్క వేశారు. ఇండియాలో రైళ్లు, బస్సులో ప్రయాణం చేసే మూడు కోట్ల జనాభాలో ఒక 5 శాతం మంది విమానాల్లో ప్రయాణించినా, అమాంతంగా విమాన ప్రయాణీకుల సంఖ్య ఏడాదికి 53 కోట్లు పెరుగుతుందని లెక్క వేశారు. ""ఏడాదికి 53 కోట్ల జనాభా విమానాల్లో ప్రయాణించడం అనేది అతిశయోక్తిగా అనిపిస్తే...కనీసం 20 కోట్ల మధ్య తరగతి ప్రజలు ఏడాదికి రెండున్నరసార్లు విమానాల్లో ప్రయాణిస్తారనే లెక్క సమంజసమే కదా! రాబోయే 30 ఏళ్లల్లో ఈ అభివృద్ధిని ఆశించడం న్యాయమైన విషయమే"" అని గోపీనాథ్ వివరించారు. ""సాధారణ ప్రజలు కూడా విమానాల్లో ప్రయాణించగలగాలి అనే ఆలోచనతో యూఎస్‌ నుంచీ వెనక్కు తిరిగొచ్చాను"" అని ఆయన తెలిపారు. 2003 ఆగస్ట్‌లో ఎయిర్ దక్కన్ సంస్థను స్థాపించి ఆరు విమానాలను ప్రారంభించారు. 48 సీట్లతో ఉన్న ఈ విమానాలు ట్విన్-ఇంజిన్ ఫిక్స్‌డ్-వింగ్ టర్బోప్రోప్ ఎయిర్‌క్రాఫ్ట్‌లు. హుబ్లీ, బెంగళూర్ల మధ్య రోజుకు ఒక విమానం ప్రయాణించేలా ఏర్పాటు చేశారు. 2007 నాటికల్లా ఎయిర్ దక్కన్, రోజుకు 67 విమానాశ్రయాల నుంచీ 380 విమానాలను నడిపే సంస్థగా ఎదిగింది. వీటిల్లో చాలావరకూ చిన్న చిన్న పట్టణాల మధ్య నడిచేవే! విమానాల సంఖ్య 6 నుంచీ 45కు పెరిగింది. రోజువారీ ప్రయాణీకుల సంఖ్య 2,000 నుంచీ 25,000కు పెరిగింది. 30 లక్షల మంది ఒక్క రూపాయి టికెట్‌తో ప్రయాణించారు. కానీ, రాను రాను నష్టాలు కూడుతుండడంతో ఎయిర్ దక్కన్‌కు ఖర్చులు భరించడం కష్టమయ్యింది. 2007లో గోపీనాథ్ తన సంస్థను కింగ్‌ఫిషర్ వ్యవస్థాపకుడు విజయ మాల్యాకు అమ్మేశారు. విజయ మాల్యా ఎయిర్ దక్కన్ పేరు మార్చి ‘కింగ్‌ఫిషర్ రెడ్‌’గా మార్కెట్లోకి ప్రవేశపెట్టారు. అప్పటికి మరి కొన్ని లో-కాస్ట్ విమానాలు మార్కెట్లోకొచ్చాయి. 2018 నాటికి సుమారు 14 కోట్ల మంది భారతీయులు దేశీయంగా బడ్జెట్ విమానాల్లో ప్రయాణించారని గణాంకాలు చెబుతున్నాయి. కానీ ఎయిర్ దక్కన్ విమానాలు ఆకాశంలో ఎగరడం ఆగిపోయింది. 2011లో మాల్యా కింగ్‌ఫిషర్ రెడ్‌ను కూడా మూసివేశారు. తరువాత ఆయన మొత్తం వ్యాపారం దివాళా తీసింది. ""విజయ్ మాల్యా ఆ ఎయిర్‌లైన్స్ మీద తగినంత సమయం వెచ్చించలేదు"" అని 2012లో గోపీనాథ్ బీబీసీతో మాట్లాడినప్పుడు తెలిపారు. ""ఇది విచారకరం. కానీ ఎయిర్ దక్కన్ స్ఫూర్తి ఎప్పటికీ నిలిచిపోతుంది. ఈ విప్లవం (బడ్జెట్ ఎయిర్‌లైన్స్) కొనసాగుతుంది"" అని కేప్టన్ గోపీనాథ్ అభిప్రాయపడ్డారు. ఇవి కూడా చదవండి: (బీబీసీ తెలుగును ఫేస్‌బుక్, ఇన్‌స్టాగ్రామ్‌, ట్విటర్‌లో ఫాలో అవ్వండి. యూట్యూబ్‌లో సబ్‌స్క్రైబ్ చేయండి.)",భారతదేశంలోని మొట్టమొదటి బడ్జెట్ విమానయాన సంస్థ వ్యవస్థాపకులు జీఆర్ గోపినాథ్ 2005 వేసవిలో ఒక సంచలనాత్మక ప్రకటన చేశారు. భారతీయులు ‘ఒక్క రూపాయి’కే విమానంలో ప్రయాణం చేసే అవకాశం కల్పించనున్నట్లు ప్రకటించారు.,<extra_id_0>..,జీఆర్ గోపినాథ్ ఆర్మీ నుంచీ పదవీ విరమణ పొందిన తరువాత వ్యాపారవేత్తగా మారిన గోపీనాథ్ 2003లో ఎయిర్ దక్కన్ పేరుతో ఒక విమానయాన సంస్థను స్థాపించి అత్యంత చౌక ధరలకే విమాన ప్రయాణాలు సాధ్యమయ్యేలా చేశారు.,"జీఆర్ గోపినాథ్ ఆర్మీ నుంచీ పదవీ విరమణ పొందిన తరువాత వ్యాపారవేత్తగా మారిన గోపీనాథ్ 2003లో ఎయిర్ దక్కన్ పేరుతో ఒక విమానయాన సంస్థను స్థాపించి అత్యంత చౌక ధరలకే విమాన ప్రయాణాలు సాధ్యమయ్యేలా చేశారు. ఐరోపా నుంచీ ఈజీజెట్, రైయనెయిర్‌ లాంటి బడ్జెట్ విమానాలను ప్రయాణికులకు అనుగుణంగా మలచి, లక్షలాది భారతీయులు అతి తక్కువ ధరలకే విమాన ప్రయాణాలు చెయ్యగలిగేలా ఎయిర్ దక్కన్ సంస్థను రూపుదిద్దారు. అప్పట్లో ఎయిర్ దక్కన్ టికెట్ ధర మిగతా ఎయిర్‌లైన్స్ టికెట్ ధరల్లో సగమే ఉండేది."
india-53358981,telugu,"పల్టీ కొట్టిన పోలీసు వాహనం ఆ సమయంలో అతడు ఒక పోలీసు అధికారి నుంచి పిస్టల్ లాక్కుని కాల్పులు జరుపుతూ తప్పించుకునే ప్రయత్నం చేశారని, దాంతో పోలీసులు ఎదురు కాల్పులు జరిపారని పోలీసు అధికారి మీడియాతో చెప్పారు. ఆ కాల్పుల్లో వికాస్ దుబే చనిపోయారని తెలిపారు. పోస్ట్ of Twitter ముగిసింది, 1 ఏఎన్ఐ వార్తా సంస్థ తాజా సమాచారం ప్రకారం ఈ ప్రమాదంలో తప్పించుకోవడానికి ప్రయత్నించిన వికాస్ దుబేపై పోలీసులు కాల్పులు జరిపారు. గాయపడిన వికాస్‌ను ఆస్పత్రికి తరలించారు. వికాస్ దుబేను ఉజ్జయిని నుంచి రోడ్డు మార్గంలో కాన్పూర్‌కు తీసుకువస్తున్నప్పుడు కాన్పూర్ చేరుకోగానే ఎస్టీఎఫ్ కాన్వాయిలో ఒక వాహనం బోల్తా పడిందని ఒక పోలీసు అధికారి మీడియాకు తెలిపారు. ప్రమాద సమయంలో పోలీసు అధికారి నుంచి వికాస్ పిస్తోలు లాక్కుని కాల్పులు జరిపారని, దాంతో పోలీసులు ఎదురు కాల్పులు జరపాల్సి వచ్చిం దనిచెప్పారు. ఈ ఘటనలో వికాస్ దుబే మరణించినట్లు పీటీఐ వార్సా సంస్థ ధ్రువీకరించింది. వాహనం బోల్తా పడటంతో కొంతమంది పోలీసు సిబ్బంది గాయపడ్డారని, అదే సమయంలో వికాస్ దుబే తప్పించుకోవడానికి ప్రయత్నించారని ఆ అధికారి చెప్పారు. పోలీసు అధికారి నుంచి పిస్టల్ లాక్కుని పారిపోయే ప్రయత్నం చేయడంతో పోలీసులు అతన్ని చుట్టుముట్టారు. లొంగిపోవాలని పోలీసులు కోరినప్పటికీ అతను కాల్పులు ప్రారంభించాడు. దీనికి ప్రతిస్పందనగా పోలీసులు కూడా కాల్పులు జరిపారని సమాచారం. అయితే, వికాస్‌కు ఎన్ని బుల్లెట్లు తగిలాయన్న దానిపై ఆయన ఎటువంటి సమాచారం ఇవ్వలేదు. ఆస్పత్రికి తీసుకొచ్చేలోపే వికాస్ దూబే మృతిచెందినట్లు డాక్టర్లు చెప్పారు. ""వికాస్ దూబేకు నాలుగు బుల్లెట్లు తగిలాయి. మూడు గుండెల్లో, ఒకటి చేతికి తగిలింది. వికాస్‌ను చనిపోయిన స్థితిలో ఇక్కడకు తీసుకొచ్చారు"" అని కాన్పూర్ జీఎస్‌వీఎం మెడికల్ కాలేజ్ ప్రిన్సిపల్ డాక్టర్ ఆర్‌బీ కమల్ మీడియాతో చెప్పారు. ఎన్‌కౌంటర్లో ముగ్గురు పోలీసులు కూడా గాయపడ్డారని, వారికి మల్టిపుల్ ఇంజూరీ అయ్యాయని చెప్పారు. ఇద్దరు పోలీసులకు బుల్లెట్లు రాసుకుంటూ వెళ్లాయని, వారి పరిస్థితి స్థిరంగా ఉందని వైద్యులు వివరించారు. మధ్యప్రదేశ్ హోంమంత్రి దీనిపై స్పందిస్తూ, చట్టం తన పని తాను చేసిందని అన్నారు. ఎన్‌కౌంటర్‌పై ప్రశ్నలు లేవనెత్తుతున్న వారికి సమాధానంగా ఆయన, ""నిన్న సజీవంగా ఎందుకు పట్టుకున్నారు అన్నవారే, ఈరోజు ఎందుకు చంపేశారు అంటుండం చాలా విషాదకరం. వీరందరూ నిన్నొకటి, ఇవాళ మరో మాట మాట్లాడుతున్నారు"" అన్నారు. యూపీ మాజీ ముఖ్యమంత్రి అఖిలేష్ యాదవ్, కాంగ్రెస్ ప్రధాన కార్యదర్శి ప్రియాంక గాంధీ, జమ్ము-కశ్మీర్ మాజీ ముఖ్యమంత్రి ఉమర్ అబ్దుల్లా సహా చాలా మంది రాజకీయ నాయకులు వికాస్ దుబే ఎన్‌కౌంటర్లో చనిపోవడంపై ప్రశ్నలు లేవనెత్తారు. కాన్పూర్ పోలీసుల ప్రకటన వికాస్ దుబే కాన్పూర్ పోలీసులు జారీ చేసిన ఒక మీడియా ప్రకటనలో ఘటన ఎలా జరిగిందో చెప్పారని బీబీసీ సహచర ప్రతినిధి సమీరాత్మజ్ మిశ్రా తెలిపారు. వారి ప్రకటన ప్రకారం, ""వికాస్ దుబేను మధ్యప్రదేశ్ పోలీసులు అరెస్టు చేసిన తర్వాత పోలీసులు, ఎస్టీఎఫ్ టీమ్ ఈరోజు జులై 10న కాన్పూర్ సిటీకి తీసుకొస్తున్నారు. కాన్పూర్ సిటీ భౌతీ దగ్గర పోలీసు వాహనానికి ప్రమాదం జరగడం వల్ల బోల్తా పడింది. దాంతో అందులో కూర్చున్న నిందితుడు, పోలీసులు గాయపడ్డారు. అదే సమయంలో నిందితుడు వికాస్ దుబే గాయపడ్డ పోలీసుల నుంచి పిస్టల్ లాక్కుని, పారిపోయే ప్రయత్నం చేశాడు"". ""అతడిని వెంటాడిన పోలీస్ టీమ్ లొంగిపోవాలని అతడిని హెచ్చరించింది. కానీ అతడు వినలేదు. పోలీసు టీంలో వారిని చంపాలనే ఉద్దేశంతో కాల్పులు జరపడం ప్రారంభించాడు. పోలీసులు ఆత్మరక్షణ కోసం కాల్పులు జరిపాంరు. దాంతో వికాస్ దుబే గాయపడ్డాడు. అతడిని వెంటనే ఆస్పత్రికి తీసుకెళ్లాం"" అని చెప్పారు. అంతేకాకుండా, వికాస్ ఆస్పత్రిలో చికిత్స పొందుతూ మరణించారని కూడా ఆ ప్రకటనలో పేర్కొన్నారు. ఇవి కూడా చదవండి: (బీబీసీ తెలుగును ఫేస్‌బుక్, ఇన్‌స్టాగ్రామ్‌, ట్విటర్‌లో ఫాలో అవ్వండి. యూట్యూబ్‌లో సబ్‌స్క్రైబ్ చేయండి.)",కాన్పూర్ ‘ఎన్‌కౌంటర్‌’లో ప్రధాన నిందితుడు వికాస్ దుబే మృతి చెందాడు. ఉత్తర ప్రదేశ్ స్పెషల్ టాస్క్ ఫోర్స్ ఉజ్జయిని నుంచి రోడ్డు మీదుగా కాన్పూర్‌కు తీసుకెళ్తుండగా కాన్వాయిలోని ఒక వాహనం బోల్తా పడింది.,<extra_id_0>..,"పల్టీ కొట్టిన పోలీసు వాహనం ఆ సమయంలో అతడు ఒక పోలీసు అధికారి నుంచి పిస్టల్ లాక్కుని కాల్పులు జరుపుతూ తప్పించుకునే ప్రయత్నం చేశారని, దాంతో పోలీసులు ఎదురు కాల్పులు జరిపారని పోలీసు అధికారి మీడియాతో చెప్పారు.","పల్టీ కొట్టిన పోలీసు వాహనం ఆ సమయంలో అతడు ఒక పోలీసు అధికారి నుంచి పిస్టల్ లాక్కుని కాల్పులు జరుపుతూ తప్పించుకునే ప్రయత్నం చేశారని, దాంతో పోలీసులు ఎదురు కాల్పులు జరిపారని పోలీసు అధికారి మీడియాతో చెప్పారు. ఆ కాల్పుల్లో వికాస్ దుబే చనిపోయారని తెలిపారు. పోస్ట్ of Twitter ముగిసింది, 1 ఏఎన్ఐ వార్తా సంస్థ తాజా సమాచారం ప్రకారం ఈ ప్రమాదంలో తప్పించుకోవడానికి ప్రయత్నించిన వికాస్ దుబేపై పోలీసులు కాల్పులు జరిపారు."
international-45724036,telugu,"వందలాది మంది ఆచూకీ తెలియకుండా పోయింది. సహాయక చర్యలు కొనసాగుతున్న కొద్దీ ప్రజలు భారీ సంఖ్యలో చనిపోయిన వాస్తవం వెలుగులోకి వస్తోంది. ఇండోనేసియాపై సునామీ విధ్వంసం సులవేసి ద్వీపంలో 7.5 తీవ్రతతో వచ్చిన భూకంపం వల్ల పాలూ ప్రాంతాన్ని సునామీ ముంచెత్తింది. తీరంలోని నివాసాలు సునామీ విధ్వంసానికి తుడిచిపెట్టుకపోయాయి. అనేక మంది తమ ఆప్తులను కోల్పోయారు. వేలాది మంది నిరాశ్రయులయ్యారు. సునామీ తన భార్యను లాక్కెళ్లిపోయిందని, ఆమె ఆచూకీ ఇప్పటికీ దొరకడం లేదని పాలూకి చెందిన వ్యక్తి ఒకరు బీబీసీకి చెప్పారు. సునామీ తర్వాత తన సోదరుడు కనిపించకుండా పోయారని ఓ యువతి బీబీసీకి తెలిపారు. రాత్రంతా వేచి చూసినా ఆచూకీ దొరకలేదు. అతని కోసం వెతుకుతూనే ఉంటాం అని చెప్పారు. మరిన్ని వివరాలు పై వీడియోలో.. ఇవి కూడా చదవండి: (బీబీసీ తెలుగును ఫేస్‌బుక్, ఇన్‌స్టాగ్రామ్‌, ట్విటర్‌లో ఫాలో అవ్వండి. యూట్యూబ్‌లో సబ్‌స్క్రైబ్ చేయండి.)","ఇండోనేసియాను శుక్రవారం కుదిపేసిన భూకంపం, ఆ తరువాత విరుచుకుపడిన సునామీ సృష్టించిన విధ్వంసలో వేలమంది మరణించారు.",<extra_id_0>..,వందలాది మంది ఆచూకీ తెలియకుండా పోయింది.,వందలాది మంది ఆచూకీ తెలియకుండా పోయింది. సహాయక చర్యలు కొనసాగుతున్న కొద్దీ ప్రజలు భారీ సంఖ్యలో చనిపోయిన వాస్తవం వెలుగులోకి వస్తోంది. ఇండోనేసియాపై సునామీ విధ్వంసం సులవేసి ద్వీపంలో 7.5 తీవ్రతతో వచ్చిన భూకంపం వల్ల పాలూ ప్రాంతాన్ని సునామీ ముంచెత్తింది.
india-42673251,telugu,"ఏ రెస్టారెంట్‌కు వెళ్లినా నాన్‌వెజ్ ప్రియులు చాలామంది ముందుగా వెతికేది చికెన్ బిర్యానీ గురించే. కోడి వేపుడు, చికెన్ పకోడి, చిల్లీ చికెన్, చికెన్ టిక్కా.. ఇలా చెప్పుకొంటూ పోతే ఈ జాబితా కొండవీటి చేంతాడంత అవుతుంది. అనకాపల్లి నుంచి అమెరికా వరకు ఈ కోడి అంత ఫేమసు మరి. ఇంతగా సూపర్ స్టార్ ఇమేజ్ ఉన్న కోడి ఎక్కడి పుట్టిందబ్బా! అన్న ఆలోచన ఎప్పుడో ఒకసారి బుర్రకు తట్టే ఉంటుంది కదా? పదండి చూద్దాం.. ఎక్కడ పుట్టింది? కోడి ఎక్కడ పుట్టిందనేదానికి కచ్చితమైన ఆధారాలు లేవు. చార్లెస్ డార్విన్ జీవపరిణామ సిద్ధాంతం ప్రకారం కోడి మూలాలు ఆగ్నేయ ఆసియాలో ఉన్నాయి. అంటే నేడు మనం చూసే మియన్మార్, కాంబోడియా, థాయిలాండ్ వంటి దేశాలు అన్నమాట. అలాగే భారత ఉపఖండంలోనూ పుట్టిందనే వాదనలూ ఉన్నాయి. వేల సంవత్సరాల కిందటే తల్లి భారతేనా? ప్రస్తుతం మనం చూస్తున్న అన్ని రకాల కోళ్లు రెడ్ జంగిల్ ఫౌల్ అనే జాతి నుంచి వచ్చాయని డార్విన్ సిద్ధాతం చెబుతోంది. ఈ కోడికి నల్లని తోక, పసుపు-నెమలి రంగు రెక్కలు, నారింజ-పసుపు వర్ణం మెడ ఉంటాయి. అలాగే తెల్ల అడవి కోడిగా పిలిచే గ్రే జంగిల్ ఫౌల్ నుంచి కూడా కొన్ని రకాల కోళ్లు వచ్చినట్లు మరికొన్ని అధ్యయనాలు చెబుతున్నాయి. ఈ కోడి మూలాలు భారత్‌లో ఉన్నట్లు పరిశోధనకారులు భావిస్తున్నారు. చికెన్ టిక్కా మసాలా కోళ్ల పోటీలు ఇది చాలా ప్రాచీనమైన క్రీడ. క్రీ.పూ.3,000 ఏళ్ల కిందటే కోళ్ల పోటీలు ఉన్నట్లు అంచనా. కోళ్ల పోటీలకు సంబంధించి తొలి రాతపూర్వక ఆధారాలు భారత్‌లోనే లభించాయి. దాదాపు క్రీ.పూ.1,500 ప్రాంతంలో కోళ్ల మధ్య పోటీలు నిర్వహించే వారని తెలుస్తోంది. పందేలు ఎలా ప్రారంభం? తెలుగు నేలపై.. తెలుగు నేలపై కోడి పందేలకు ఎంతో ఆదరణ ఉంది. ఇందుకోసమే కుక్కుట శాస్త్రం అనే పుస్తకం కూడా ఉండటం విశేషం. దీన్ని ఎవరు రాశారో? ఎప్పుడు రాశారో? తెలిపే కచ్చితమైన ఆధారాలు లేవు. కానీ నేడు చాలా మంది కుక్కుట శాస్త్రం ప్రకారం సమయం, నక్షత్రం, వాస్తు, కోడి రంగు వంటి వాటికి ఎంతో ప్రాధాన్యం ఇస్తుంటారు. షౌరుషానికి ప్రతీక కాల క్రమంలో కోడి పందేలు పౌరుషానికి ప్రతీకగా మారాయి. 11వ శతాబ్దం నాటి పల్నాటి రాజుల కాలంలో కోడి పందేలు వినోదానికి మాత్రమే కాకుండా పౌరుషానికీ ప్రతీకగా ఉన్నట్లు తెలుస్తోంది. బాల నాగమ్మతో పందెంలో ఓడిపోయిన పల్నాటి బ్రహ్మనాయుడు అడవులకు వెళ్లినట్లు చరిత్ర చెబుతోంది. ఇక బొబ్బిలి, విజయనగర రాజుల మధ్య కూడా కోడి పందేలు పరువు-ప్రతిష్ఠల సమస్యగా ఉండేదంట. నేడు ఇలా.. తెలుగు వారి సంస్కృతిలో నేటికీ కోడి పందేలు భాగంగా ఉంటూ వస్తున్నాయి. ఇప్పటికీ గుంటూరు, కృష్ణా, గోదావరి జిల్లాల్లో వీటికి మంచి ఆదరణ ఉంది. బెట్టింగులు జరుగుతున్నాయి. రూ.వందల కోట్లు చేతులు మారుతుంటాయి. పందేల పేరుతో జీవహింసకు పాల్పడుతున్నారంటూ కోర్టులు వీటిని నిషేధిస్తున్నా పందెం రాయుళ్లు మాత్రం వెనక్కి తగ్గడం లేదు. కోడి పందేలు సంప్రదాయంగా వస్తున్నాయని, ఇది సరదాగా ఆడే ఆటని అనే వారూ ఉన్నారు. ఎవరో కత్తులు కడితే మొత్తం కోడి పందేలను నిషేధించడం సబబు కాదని అభిప్రాయపడే వారూ ఉన్నారు. ఈ బంధం వీడనిదీ కోడి ఎక్కడిదైనా అది తెలుగు వారి సంస్కృతిలో భాగం. వారి ఆచారాలలోనూ, ఆహారంలోని ప్రధాన అంశం. కోడి కూర లేని ఆదివారాన్ని చికెన్ లేని బిర్యానీని చాలా మంది ఊహించలేరు. కాబట్టి కోడికి తెలుగోడికి గల బంధం విడదీయలేనది. ఇవి కూడా చదవండి (బీబీసీ తెలుగును ఫేస్‌బుక్, ఇన్‌స్టాగ్రామ్‌, ట్విటర్‌లో ఫాలో అవ్వండి. యూట్యూబ్‌లో సబ్‌స్క్రైబ్ చేయండి.)","సంక్రాంతి వస్తోందంటే కోస్తాంధ్రలో కోడి పుంజుకు చాలా ప్రత్యేకం. కోర్టులు, ప్రభుత్వాలు ఎన్ని ఆంక్షలు విధించినా ఇక్కడ పందేలు మాత్రం ఆగవు. ఇక కనుమ వచ్చిందంటే చిల్లు గారెలోకి నాటు కోడి పులుసు ఉండాల్సిందే.",<extra_id_0>..,ఏ రెస్టారెంట్‌కు వెళ్లినా నాన్‌వెజ్ ప్రియులు చాలామంది ముందుగా వెతికేది చికెన్ బిర్యానీ గురించే.,"ఏ రెస్టారెంట్‌కు వెళ్లినా నాన్‌వెజ్ ప్రియులు చాలామంది ముందుగా వెతికేది చికెన్ బిర్యానీ గురించే. కోడి వేపుడు, చికెన్ పకోడి, చిల్లీ చికెన్, చికెన్ టిక్కా.. ఇలా చెప్పుకొంటూ పోతే ఈ జాబితా కొండవీటి చేంతాడంత అవుతుంది."
india-49117951,telugu,"అసలు 'ఇన్‌స్టెంట్ ట్రిపుల్ తలాక్' అంటే ఏంటి? 'ఇన్‌స్టెంట్ ట్రిపుల్ తలాక్' లేదా 'తలాక్-ఉల్-బిద్దత్' అనేది 'తలాక్' చెప్పే ఒక విధానం. దీని ద్వారా భర్తలు ఒకే సమయంలో మూడు సార్లు 'తలాక్', 'తలాక్', 'తలాక్' అని చెప్పడం ద్వారా విడాకులు పొందవచ్చు. దీనిని మాటల ద్వారా లేదా టెక్ట్స్ మెసేజ్‌ల ద్వారా లేదా ఈమెయిల్ ద్వారా - ఎలాగైనా చెప్పవచ్చు. దీనిని నిషేధించాలంటూ ముస్లిం మహిళల నుంచి సుప్రీంకోర్టుకు పెద్ద ఎత్తున పిటిషన్లు వెల్లువెత్తడంతో, కోర్టు ఇది రాజ్యాంగవిరుద్ధం అంటూ 2017 ఆగస్టులో దానిని నిషేధించింది. భారతదేశంలోని ముస్లింలంతా ఈ 'ఇన్‌స్టెంట్ ట్రిపుల్ తలాక్'ను పాటిస్తారా? సున్నీ ఇస్లామిక్ చట్టంలోని మూడు సాంప్రదాయాలు 'ట్రిపుల్ తలాక్' విధానం ఇప్పుడు చెల్లుబాటు కాదని చెబుతున్నా... నాలుగోది అయిన దేవ్‌బంద్ సాంప్రదాయంలో మాత్రమే ఈ వివాదాస్పద విధానం ప్రస్తుతం చెల్లుబాటులో ఉంది. భారతదేశంలోని ముస్లింలలో ఈ 'ఇన్‌స్టెంట్ ట్రిపుల్ తలాక్'పై అధికారిక గణాంకాలు లేవు. అతి తక్కువ మందితో నిర్వహించిన ఒక ఆన్‌లైన్ సర్వేలో, ఒక్కశాతం కన్నా తక్కువ మంది ఈ రకం విడాకుల విధానాన్ని ఉపయోగించుకున్నారని తెలిసింది. ఖురాన్ ప్రకారం 'ట్రిపుల్ తలాక్' ఎలా ఇస్తారు? విడాకుల ప్రక్రియను ఒక ముస్లిం పురుషుడు ప్రారంభిస్తే దానిని 'తలార్-ఉల్-అహ్సాన్' అని పిలుస్తారు. పరిస్థితులు చక్కబడేందుకు, దంపతుల మధ్య అభిప్రాయభేదాలు తొలగించుకునేందుకు అవకాశం కల్పించే విధంగా ఇది మూడు నెలల వ్యవధిలో జరగాలి. ఎవరైనా ముస్లిం మహిళ కూడా విడాకులను కోరవచ్చు. దీనిని 'ఖులా' అని అంటారు. ఒకవేళ ఒక మహిళ విడాకులు కావాలనుకుని, ఆమె భర్త దానికి నిరాకరిస్తుంటే, ఆమె ఎవరైనా ఒక ఖాజీ వద్దకు లేదా షరియా కోర్టుకు వెళ్లవచ్చు. ఈ విధంగా న్యాయబద్ధంగా జారీ అయిన విడాకులను 'ఫష్క్-ఎ-నిఖా' అని అంటారు. వివాహం జరిగేటప్పుడే, వివాహ ఒప్పందం 'నిఖానామా'లోనే ఒక మహిళ 'తలాక్' నియమ నిబంధనలను పేర్కొనవచ్చు. దీనిని 'తఫ్‌వీద్-ఎ-తలాక్' లేదా భార్యకు తలాక్ హక్కుల బదిలీ అంటారు. 'ఇన్‌స్టెంట్ ట్రిపుల్ తలాక్' చుట్టూ అలుముకున్న వివాదమేంటి? ముస్లిం మహిళల (వివాహ హక్కుల రక్షణ) బిల్లు ప్రకారం 'ఇన్‌స్టెంట్ ట్రిపుల్ తలాక్'ను క్రిమినల్ నేరంగా పరిగణిస్తారు. దీని కింద ఒక ముస్లిం పురుషుడికి అత్యధికంగా మూడేళ్ల జైలుశిక్ష విధించవచ్చు. అంతే కాకుండా భర్త ఆ కాలంలో బాధితురాలికి భరణాన్ని కూడా చెల్లించాలి. కొన్ని ముస్లిం మహిళా బృందాలు దీని వల్ల ముస్లిం మహిళలకు ప్రయోజనం ఉండదని వాదిస్తున్నాయి. వివాహ బంధాన్ని కొనసాగించడంలో మహిళలకు కూడా సమానమైన హక్కులు, రక్షణ వ్యవస్థలు ఉండాలని, వివాహ రద్దు విషయంలో తమ అభిప్రాయాన్ని కూడా పరిగణనలోకి తీసుకోవాలని వారు కోరుతున్నారు. కేవలం జైలులో పెట్టడం వల్ల లక్ష్యం నెరవేరదు. దీని వల్ల భర్తలు తాము జైలులో ఉండడం వల్ల భరణం చెల్లించలేకపోతున్నామని కూడా చెప్పే అవకాశం ఉంది. అప్పుడు భార్యలే తమను, తమ పిల్లలనూ పోషించుకోవాల్సి వస్తుందని వారు అంటున్నారు. మా ఇతర కథనాలు (బీబీసీ తెలుగును ఫేస్‌బుక్, ఇన్‌స్టాగ్రామ్‌, ట్విటర్‌లో ఫాలో అవ్వండి. యూట్యూబ్‌లో సబ్‌స్క్రైబ్ చేయండి.)","ముస్లిం మహిళల (వివాహ హక్కుల రక్షణ) బిల్లుకు లోక్‌సభ గురువారం (2019 జులై 25న) ఆమోదం తెలిపింది. దీని ప్రకారం 'ఇన్‌స్టెంట్ ట్రిపుల్ తలాక్'ను ఇకపై క్రిమినల్ నేరంగా పరిగణిస్తారు. ఈ బిల్లుపై రాజ్యసభలో కూడా చర్చించి, ఆమోదం పొందితే, అది చట్టంగా రూపొందుతుంది.",<extra_id_0> కాదు.,అసలు 'ఇన్‌స్టెంట్ ట్రిపుల్ తలాక్' అంటే ఏంటి?,"అసలు 'ఇన్‌స్టెంట్ ట్రిపుల్ తలాక్' అంటే ఏంటి? 'ఇన్‌స్టెంట్ ట్రిపుల్ తలాక్' లేదా 'తలాక్-ఉల్-బిద్దత్' అనేది 'తలాక్' చెప్పే ఒక విధానం. దీని ద్వారా భర్తలు ఒకే సమయంలో మూడు సార్లు 'తలాక్', 'తలాక్', 'తలాక్' అని చెప్పడం ద్వారా విడాకులు పొందవచ్చు."
international-50420480,telugu,"రొమ్ము క్యాన్సర్ బాధితులు వెల్లుల్లి, అల్లం, జింగో మాత్రలు వాడటం వల్ల వారి చర్మ గాయాలు నయం కావడం ఆలస్యమవుతుందని వెల్లడించారు. మూలికా చికిత్సలు క్యాన్సర్ పై పనిచేసినట్లు ఆధారాలు లేవని సర్జన్ ప్రొఫెసర్ మరియా జోవో కార్డోసో అన్నారు. అనుమానం ఉన్నవాటిని తీసుకోకపోవడమే మంచిది అని ఆమె చెప్పారు. ''క్యాన్సర్ చికిత్స పొందుతున్న రోగులు ఏం తీసుకుంటున్నారో డాక్టర్లు అడగాలి. ఈ విషయంలో వారు క్రీయాశీలంగా వ్యవహరించాలి'' అని ప్రొఫెసర్ కార్డోసో పేర్కొన్నారు. పోర్చుగల్‌లోని లిస్బన్‌లో ఉన్న చాంపలిమౌడ్ క్యాన్సర్ సెంటర్‌లో బ్రెస్ట్ క్యాన్సర్ సర్జన్‌గా పనిచేస్తున్న ఆమె బీబీసీతో మాట్లాడారు. క్యాన్సర్ రోగులు ఏవైనా హెర్బల్ ఉత్పత్తులను వాడటానికంటే ముందు చికిత్స చేస్తున్న డాక్టర్‌కు వాటి గురించి చెప్పడం చాలా ముఖ్యమని ఆమె సూచించారు. ప్రతీ ఐదు రొమ్ము క్యాన్సర్ కేసులలో ఒకటి ఇలా జరుగుతోంది. మిగిలిన క్యాన్సర్ల విషయంలో ఇలాంటి తక్కువేనని చెప్పారు. ''చాలా ఉత్పత్తులు హర్మోన్ చికిత్స లేదా కీమోథెరపీలలో అడ్డుపడుతాయి. ఇది చాలా ప్రమాదకరం. కొన్ని ఉత్పత్తులు రక్తం గడ్డకట్టే ప్రక్రియను ఆపుతాయి. దీనివల్ల చర్మ గాయాలు తగ్గడానికి చాలా సమయం పడుతుంది.'' అని ఆమె వివరించారు. రక్తం గట్టకట్టే ప్రక్రియను ఆపే కొన్ని ఉత్పత్తుల గురించి ఆమె తెలిపారు. అవి ఆరెంజ్, ద్రాక్ష పండ్ల రసం వద్దు ''రోగులు, వారి సంరక్షకులు ప్రత్యామ్నాయ చికిత్సల కోసం వెతకడంలో ఆశ్చర్యకరం ఏం లేదు. కానీ, ఇలాంటివి మంచి కంటే హానే ఎక్కువ చేస్తాయని ప్రజలు తెలుసుకోవాలి'' అని ఆమె పేర్కొన్నారు. కొన్ని హెర్బల్ ఉత్పత్తులు క్యాన్సర్ చికిత్సను అడ్డుకోవచ్చని ఇంగ్లండ్‌లోని క్యాన్సర్ పరిశోధన సంస్థ తన వెబ్‌సైట్‌లో పేర్కొంది. క్యాన్సర్ చికిత్స సమయంలో రోగులు ద్రాక్ష పండ్ల రసం, ఆరెంజ్ జ్యూస్ తీసుకోకూడదని, కొన్ని రకాల ఆహార పదార్థాలను తినకపోవడం ముఖ్యమని కూడా ఆ సైట్‌ సూచించింది. ''మీరు ఏదైనా హెర్బల్ ఉత్పత్తులను వాడాలనుకుంటే మందుగా డాక్టర్‌కు చెప్పండి. మరీ ముఖ్యంగా మీరు చికిత్స మధ్యలో ఉన్నప్పుడు ఇలాంటివి వాడాలనుకుంటే మీ డాక్టర్‌తో మాట్లాడటం చాలా ముఖ్యం'' అని ఆ సంస్థ తెలిపింది. రొమ్ము క్యాన్సర్ స్వచ్ఛంద సంస్థకు చెందిన నర్స్ గ్రెట్ బరుటెన్ స్మిత్ మాట్లాడుతూ, ''క్యాన్సర్‌ను నయం చేస్తాయని నిరూపితంకాని అనేక ఉత్పత్తుల గురించి ఆన్‌లైన్‌లో చాలా సమాచారం ఉంది. కొద్దిగా పనిచేస్తాయని నిరూపితమైన ఉత్పత్తుల గురించి కూడా ఉంది. అయితే, దీనికి సంబంధించిన కచ్చితమైన సమాచారం కోసం వైద్య నిపుణుడిని సంప్రదించాలి'' అని పేర్కొన్నారు. అడ్వాన్స్‌డ్ బ్రెస్ట్ క్యాన్సర్‌పై నిర్వహించిన ఐదో అంతర్జాతీయ సదస్సులో ప్రొఫెసర్ కార్డోసో మాట్లాడుతూ, ''యోగా, మెడిటేషన్, రేకి, అక్యుపంక్చర్ లాంటివి రోమ్ము క్యాన్సర్ రోగులపై సానుకూల ప్రభావం చూపించాయి'' అని తెలిపారు. ఇవి కూడా చదవండి: (బీబీసీ తెలుగును ఫేస్‌బుక్, ఇన్‌స్టాగ్రామ్‌, ట్విటర్‌లో ఫాలో అవ్వండి. యూట్యూబ్‌లో సబ్‌స్క్రైబ్ చేయండి.)","హెర్బల్ ఉత్పత్తులను వాడే క్యాన్సర్ రోగులు తమ డాక్టర్లకు ఆ విషయం కచ్చితంగా చెప్పాల్సిందేనని, కొన్ని ఉత్పత్తులు చికిత్సకు అడ్డుపడుతాయని ఓ క్యాన్సర్ సదస్సులో పేర్కొన్నారు.",<extra_id_0>..,"రొమ్ము క్యాన్సర్ బాధితులు వెల్లుల్లి, అల్లం, జింగో మాత్రలు వాడటం వల్ల వారి చర్మ గాయాలు నయం కావడం ఆలస్యమవుతుందని వెల్లడించారు.","రొమ్ము క్యాన్సర్ బాధితులు వెల్లుల్లి, అల్లం, జింగో మాత్రలు వాడటం వల్ల వారి చర్మ గాయాలు నయం కావడం ఆలస్యమవుతుందని వెల్లడించారు. మూలికా చికిత్సలు క్యాన్సర్ పై పనిచేసినట్లు ఆధారాలు లేవని సర్జన్ ప్రొఫెసర్ మరియా జోవో కార్డోసో అన్నారు. అనుమానం ఉన్నవాటిని తీసుకోకపోవడమే మంచిది అని ఆమె చెప్పారు."
international-49385625,telugu,"గాయపడిన వారిని ఆస్పత్రికి తరలిస్తున్న అప్ఘాన్ ఆరోగ్య కార్యకర్తలు పెళ్ళి వేడుకలు జరుగుతుండగా హాలులోకి వచ్చిన మానవబాంబు తనను తాను పేల్చుకున్నాడని, ఘటనా స్థలంలో మృతదేహాలను చూశామని ప్రత్యక్ష సాక్షులు బీబీసీకి చెప్పారు. స్థానిక కాలమానం ప్రకారం రాత్రి 10.40 గంటలకు ఈ పేలుడు సంభవించింది. షియా ముస్లింలు అధికంగా ఉన్న ప్రాతంలో ఈ ఘటన చోటు చేసుకుంది. కాబూల్ పశ్చిమ ప్రాంతంలో జరిగిన ఈ దాడికి పాల్పడింది తామేనని ఇంతవరకూ ఎవరూ ప్రకటించలేదు. తాలిబాన్, ఇస్లామిక్ స్టేట్ వంటి సున్నీ ముస్లిం మిలిటెంట్ సంస్థలు అఫ్గానిస్తాన్, పాకిస్తాన్‌ దేశాలలోని షియా హజారా మైనారిటీలపై వరసగా దాడులకు పాల్పడుతున్నాయి. The floor of the wedding hall was covered in blood after the explosion పది రోజుల కిందట కాబూల్‌లోని ఒక పోలీస్ స్టేషన్ వెలుపల భారీ బాంబు దాడి జరిగింది. ఆ ఘటనలో 14 మంది చనిపోయారు. దాదాపు 150 మంది గాయపడ్డారు. ఆ దాడి తమ పనే అని తాలిబాన్ ప్రకటించుకుంది. శుక్రవారం నాడు పాకిస్తాన్‌లోని క్వెట్టా నగరానికి దగ్గర్లోని ఒక మసీదులో జరిగిన బాంబు పేలుడులో తాలిబన్ నాయకుడు హిబతుల్లా అఖుండ్‌జాదా సోదరుడు ఒకరు చనిపోయాడు. ఇంతవరకూ ఏ సంస్థ కూడా ఆ దాడికి తామే బాధ్యులమని ప్రకటించుకోలేదు. ఆరోజు హిబతుల్లా అఖుండ్‌జాదా మసీదుకు వస్తారని భావించి, అతడినే లక్ష్యంగా చేసుకుని బాంబు దాడి జరిగి ఉండవచ్చని అఫ్గాన్ ఇంటలిజెన్స్ వర్గాలు బీబీసీకి తెలిపాయి. తాలిబాన్లు, అఫ్గానిస్తాన్‌లో వేలాది సైనికులను మోహరించిన అమెరికా త్వరలో శాంతి ప్రకటన చేసే అవకాశం ఉందని భావిస్తున్న నేపథ్యంలో దేశంలో ఉద్రిక్తతలు తీవ్రమవుతున్నాయి. కాబూల్ ఆస్పత్రిలో బాధితుల బంధువులు మనకు ఏం తెలుస్తోంది? హోం శాఖ ప్రతినిధి నస్రత్ రహిమికి శనివారం జరిగిన బాంబు పేలుడులో ప్రాణనష్టం జరిగిందని ధ్రువీకరించారు. కానీ ఇంకా ఘటన గురించి పూర్తి వివరాలు రాలేదన్నారు. అఫ్గాన్ వివాహవేడుకలకు తరచూ వందలాది అతిథులు హాజరవుతారు. పురుషులు తరచూ మహిళలు, పిల్లలకు వేరుగా భారీ ఫంక్షన్ హాళ్లలో ఉండే ఉంటారు. ఈ వివాహానికి వచ్చిన మహమ్మద్ ఫర్హాగ్ అనే అతిథి మహిళలు విభాగంలో ఉన్నప్పుడు ""పురుషులు ఉన్న హాల్లో భారీ పేలుడు శబ్దం విన్నానని, బయట అందరూ అరవడం, ఏడవడం వినిపించిందని"" చెప్పారు. ""దాదాపు 20 నిమిషాలు ఆ హాల్లో పొగ నిండిపోయింది. అక్కడ ఉన్న మగవాళ్లందరూ గాయపడ్డారు. వారిలో కొంతమంది చనిపోయారు. పేలుడు జరిగి రెండు గంటలవుతున్నా..హాల్ నుంచి మృతదేహాలను తరలిస్తూనే ఉన్నారు"" అని చెప్పారు. శాంతి చర్చల పురోగతి ఎలా ఉంది? తాలిబన్లు, అమెరికా ప్రతినిధుల మధ్య కతార్ రాజధాని దోహాలో శాంతి చర్చలు నడుస్తున్నాయి. రెండు పక్షాలవారూ చర్చల్లో పురోగతి వచ్చిందని చెబుతున్నారు. శుక్రవారం అమెరికా అధ్యక్షుడు డోనల్డ్ ట్రంప్ కూడా ""వీలైతే రెండు పక్షాలూ ఒక ఒప్పందం చేసుకోవాలనుకుంటున్నట్లు"" ట్వీట్ చేశారు. ఈ ఒప్పందంలో భాగంగా మిలిటెంటు దళాలు అమెరికాపై దాడులు చేసేందుకు ఆఫ్గానిస్తాన్‌ను ఉపయోగించవని తాలిబన్లు గ్యారంటీ ఇస్తే, దానికి బదులు అమెరికా తమ దళాలను అక్కడి నుంచి ఉపసంహరిస్తుంది. ఇవి కూడా చదవండి: (బీబీసీ తెలుగును ఫేస్‌బుక్, ఇన్‌స్టాగ్రామ్‌, ట్విటర్‌లో ఫాలో అవ్వండి. యూట్యూబ్‌లో సబ్‌స్క్రైబ్ చేయండి.)",అఫ్గాన్ రాజధాని కాబుల్ నగరంలోని వెడ్డింగ్ హాలులో బాంబు పేలుడు జరిగింది. ఈ ఘటనలో 63 మంది మృతి చెందారు. 180 మందికి పైగా గాయపడ్డారు.,<extra_id_0>..,"గాయపడిన వారిని ఆస్పత్రికి తరలిస్తున్న అప్ఘాన్ ఆరోగ్య కార్యకర్తలు పెళ్ళి వేడుకలు జరుగుతుండగా హాలులోకి వచ్చిన మానవబాంబు తనను తాను పేల్చుకున్నాడని, ఘటనా స్థలంలో మృతదేహాలను చూశామని ప్రత్యక్ష సాక్షులు బీబీసీకి చెప్పారు.","గాయపడిన వారిని ఆస్పత్రికి తరలిస్తున్న అప్ఘాన్ ఆరోగ్య కార్యకర్తలు పెళ్ళి వేడుకలు జరుగుతుండగా హాలులోకి వచ్చిన మానవబాంబు తనను తాను పేల్చుకున్నాడని, ఘటనా స్థలంలో మృతదేహాలను చూశామని ప్రత్యక్ష సాక్షులు బీబీసీకి చెప్పారు. స్థానిక కాలమానం ప్రకారం రాత్రి 10.40 గంటలకు ఈ పేలుడు సంభవించింది. షియా ముస్లింలు అధికంగా ఉన్న ప్రాతంలో ఈ ఘటన చోటు చేసుకుంది."
international-52788303,telugu,"మిగిలిన మృత‌దేహాల‌ను గుర్తుప‌ట్టేందుకు వేలిముద్ర‌లు, డీఎన్ఏ ప‌రీక్ష‌లు నిర్వ‌హిస్తున్నారు. కొన్ని మృత‌దేహాలు గుర్తుప‌ట్ట‌డానికి వీలు లేనంత‌గా కాలిపోయాయ‌ని త‌న మేన‌ల్లుడి మృత‌దేహాన్ని గుర్తుపట్టేందుకు క‌రాచీలోని ఈధి మార్చురీకి వ‌చ్చిన స‌య్య‌ద్ ఇమ్రాన్ అలీ.. బీబీసీ ప్ర‌తినిధి రియాజ్ సొహైల్‌కు వివ‌రించారు. కరాచీలోని మార్చురీ బయట మృతదేహాల కోసం పెట్టెలు త‌న మేన‌ల్లుడిని గుర్తుప‌ట్టేందుకు త‌న డీఎన్ఏ న‌మూనాను ఆయ‌న క‌రాచీ యూనివ‌ర్సిటీలో ఇచ్చారు. ప‌రీక్ష‌ల‌ ఫ‌లితాల కోసం ఎదురుచూస్తున్నారు. త‌మ బంధువుల‌ను గుర్తుప‌ట్టేందుకు వ‌చ్చిన 47 మంది నుంచి డీఎన్ఏ న‌మూనాల‌ను సేక‌రించామ‌ని సింధ్ ఆరోగ్య మంత్రి తెలిపారు. బాధితుల స‌మాచారం ఒక‌చోట లేక‌పోవ‌డంతో త‌న మేన‌ల్లుడు స‌య్య‌ద్ ఆర్మ‌గ‌న్ అలీని వెతుక్కుంటూ నాలుగు ఆసుప‌త్రులు తిర‌గాల్సి వ‌చ్చింద‌ని స‌య్య‌ద్ ఇమ్రాన్ అలీ వివ‌రించారు. ఎక్క‌డా స‌మాచారం ల‌భించ‌క‌పోవ‌డంతో ఆయ‌న ఈధి మార్చురీకి వ‌చ్చారు. మొద‌టి ద‌శ‌లో వేలిముద్ర‌ల సాయంతో మృత‌దేహాల‌ను గుర్తుప‌ట్టేందుకు ప్ర‌య‌త్నిస్తున్నారు. దీని కోసం నేష‌న‌ల్ డేటాబేస్ అండ్ రిజిస్ట్రేష‌న్ అథారిటీ (ఎన్ఏడీఆర్ఏ) బృందాలు ఇప్ప‌టికే క‌రాచీ చేరుకున్నాయి. ప్ర‌మాదంలో మ‌ర‌ణించిన దిల్ష‌ద్ అహ్మ‌ద్ మృ‌త‌దేహాన్ని ఆయ‌న‌ త‌మ్ముడు సులువుగానే గుర్తుప‌ట్టారు. అయితే ఆ మృ‌త‌దేహాన్ని తీసుకెళ్ల‌డంలో ఇబ్బందులు త‌లెత్తాయి. ఆసుప‌త్రులకు మృ‌తుల బంధువులు పోటెత్త‌డ‌మే దీనికి కార‌ణం. బ‌ట్ట‌లు, వాచీ సాయంతో ఆయ‌న త‌న సోద‌రుడి మృ‌త‌దేహాన్ని గుర్తుప‌ట్టారు. “విమానం ఎక్కేముందు ఎయిర్‌పోర్ట్‌లో తీసుకున్న ఫోటో ఒక‌టి మా అన్న‌య్య నాకు పంపించారు. దాని ఆధారంగా ఆయ‌న వేసుకున్న బ‌ట్ట‌లేంటో గుర్తించ‌గ‌లిగాం” విమానం ఎక్కేముందు దిల్ష‌ద్ అ‌హ్మ‌ద్‌.. త‌ల్లి, భార్య‌తోనూ ఫోన్‌లో మాట్లాడారు. ""విమానం కూలిపోయింద‌ని వార్త రాగానే.. దానిలో మా అన్న‌య్య ఉన్నార‌ని స్ప‌ష్ట‌మైంది. వెంట‌నే ఆయ‌న ఆచూకీ కోసం వెత‌కు‌తూ ఘ‌ట‌న స్థ‌లానికి వ‌చ్చాం. కొద్దిసేప‌టికే విమానంలో ప్ర‌యాణించినవారి జాబితాను అధికారులు విడుద‌ల‌చేశారు. అందులో మా అన్న‌య్య పేరుంది. జిన్నా పోస్ట్ గ్రాడ్యుయేట్ సెంట‌ర్‌లో గుర్తుప‌ట్టిన అనంత‌రం మృత‌దేహాన్ని మాకు అప్ప‌గించారు""అని దిల్ష‌ద్ సోద‌రుడు వివ‌రించారు. వేలి ముద్ర‌ల‌తో గుర్తుప‌ట్ట‌డం సాధ్యంకాని మృత‌దేహాల‌కు డీఎన్ఏ ప‌రీక్ష‌లు నిర్వ‌హిస్తున్న‌ట్లు అధికారులు తెలిపారు. అయితే ఈ ప్ర‌క్రియ కొంత ఆల‌స్య‌మ‌య్యే అవ‌కాశ‌ముంద‌ని వివ‌రించారు. ఇవి కూడా చదవండి: (బీబీసీ తెలుగును ఫేస్‌బుక్, ఇన్‌స్టాగ్రామ్‌, ట్విటర్‌లో ఫాలో అవ్వండి. యూట్యూబ్‌లో సబ్‌స్క్రైబ్ చేయండి.)",క‌రాచీ విమాన ప్ర‌మాద మృతుల్లో ఇప్ప‌టివ‌ర‌కు 66 మంది మృత‌దేహాల‌ను గుర్తుప‌ట్టారు. పాకిస్తాన్ ఎయిర్‌లైన్స్‌కు చెందిన ఈ విమానం శుక్ర‌వారం కుప్ప‌కూలింది.‌,<extra_id_0>.,"మిగిలిన మృత‌దేహాల‌ను గుర్తుప‌ట్టేందుకు వేలిముద్ర‌లు, డీఎన్ఏ ప‌రీక్ష‌లు నిర్వ‌హిస్తున్నారు.","మిగిలిన మృత‌దేహాల‌ను గుర్తుప‌ట్టేందుకు వేలిముద్ర‌లు, డీఎన్ఏ ప‌రీక్ష‌లు నిర్వ‌హిస్తున్నారు. కొన్ని మృత‌దేహాలు గుర్తుప‌ట్ట‌డానికి వీలు లేనంత‌గా కాలిపోయాయ‌ని త‌న మేన‌ల్లుడి మృత‌దేహాన్ని గుర్తుపట్టేందుకు క‌రాచీలోని ఈధి మార్చురీకి వ‌చ్చిన స‌య్య‌ద్ ఇమ్రాన్ అలీ.. బీబీసీ ప్ర‌తినిధి రియాజ్ సొహైల్‌కు వివ‌రించారు."
india-56469310,telugu,"తమిళనాడు ముఖ్యమంత్రి ఎడప్పాడి పళనిస్వామి ఒక పెద్ద వర్గానికి మాజీ ముఖ్యమంత్రి పన్నీర్ సెల్వం నాయకత్వం వహిస్తే, శశికళ నేతృత్వంలో మరో వర్గం ఎడప్పాడి పళనిస్వామిని ముఖ్యమంత్రిగా చేసింది. ఈ ఘటన చిన్నదే అయినా పళనిస్వామి నాటకీయ పరిణామాల తర్వాత సీఎం అయ్యారు. అన్నాడీఎంకే పార్టీ ఓ.పన్నీర్ సెల్వంను మూడు సార్లు ముఖ్యమంత్రి పదవిలో కూర్చోపెట్టింది. అయితే, ఆయన తాత్కాలిక సీఎంగా ఎంపికయ్యారు కానీ, ఆ అవకాశాన్ని తనకు అనుకూలంగా మార్చుకుని అధికారాన్ని, పార్టీని తన అదుపులోకి తెచ్చుకోవడంలో విఫలమయ్యారు. మరోవైపు ఈకే పళనిస్వామి సీఎం అయిన కొన్ని నెలల్లోనే ప్రభుత్వాన్ని, పార్టీని తన నియంత్రణలోకి తెచ్చుకున్నారు. జయలలిత మృతి కూడా దీనికి ఒక కారణం అని చెబుతారు. కానీ, అది ఆయన ఎంత పరిణతి చెందిన రాజకీయ నాయకుడు అనేది కూడా నిరూపించింది. ఆయన, తన ప్రత్యర్థి పన్నీర్ సెల్వంను తన గ్రూపులో కలుపుకోవడమే కాదు, పార్టీని శశికళ కుటుంబం చేతుల్లోంచి విడిపించగలిగారు. అయితే, ఆయన రాజకీయ జీవితంలో ఎక్కువగా పరాజయాలే ఉండడం విచిత్రంగా అనిపిస్తుంది. పళనిస్వామి 1954 మే 12న సేలం జిల్లాలో ఎడప్పాడి పట్టణం దగ్గర ఉన్న సిలువాయపాళ్యంలో కరుప్ప గౌండర్, దావుసాయమ్మాళ్ దంపతులకు జన్మించారు. కుటుంబంలో ఆయన రెండో కొడుకు. స్కూల్ చదువు పూర్తయిన తర్వాత, ఈరోడ్ వాసవీ కాలేజ్‌లో డిగ్రీ చదివిన పళనిస్వామికి మొదటి నుంచీ రాజకీయాలపై ఆసక్తి ఉండేది. దాంతో, ఆయన అదే సమయంలో ఉనికిలోకి వచ్చిన అన్నాడీఏంకే పార్టీలో చేరారు. జేబు ఖర్చుల కోసం ఆయన బెల్లం దళారీగా పని చేశారు. కానీ ఎక్కువగా రాజకీయాల్లో బిజీగా ఉండేవారు. పళనిస్వామి ఆసక్తిని గమనించిన పార్టీ ఆయన్ను కోనేరిపట్టి శాఖకు కార్యదర్శిగా చేసింది. పార్టీలో ఆయన మొదటి పదవి అదే. 1989లో ఎంజీఆర్ చనిపోయాక జరిగిన ఎన్నికల్లో పార్టీ రెండుగా చీలిపోయింది. ఒకటి జయలలిత వర్గం, ఇంకొకటి జానకి వర్గం. పళనిస్వామి జయలలిత వెంట నిలిచారు. ఆయనకు ఎడప్పాడి టికెట్ దక్కింది. ఆ ఎన్నికల్లో డీఎంకేకు ఆధిక్యం లభించినా, పళనిస్వామి 1364 ఓట్ల మెజారిటీతో ఆ స్థానాన్ని గెలుచుకోగలిగారు. 1991 ఎన్నికల్లో ఆయనకు మరోసారి టికెట్ వచ్చింది. ఈసారీ ఆయన 41 వేల ఓట్ల ఆధిక్యంతో గెలిచారు. కానీ 1996లో ప్రభుత్వ వ్యతిరేక పవనాలు వీయడంతో ఎడప్పాడి నుంచి మూడోసారి పోటీ చేసిన ఆయన, పార్టీలో మిగతావారితోపాటూ ఓటమి రుచిచూశారు. ఆ తర్వాత ఆయన రాజకీయ కెరియర్‌లో ఎన్నో అడ్డంకులు వచ్చాయి. వరుస ఓటమిలు కూడా రుచిచూడాల్సి వచ్చింది. 1998లో ఆయన లోక్ సభ ఎన్నికల్లో తిరుచందూర్ స్థానం నుంచి పోటీ చేసి గెలిచారు. కానీ కొన్ని రోజులకే పార్లమెంట్ రద్దయ్యింది. తర్వాత 1999, 2004 లోక్‌సభ ఎన్నికల్లో మళ్లీ పోటీ చేసిన ఆయన డీఎంకే అభ్యర్థుల చేతుల్లో ఓడిపోయారు. కానీ పార్టీ ప్రధాన కార్యదర్శి జయలలిత ఆయనపై పూర్తి నమ్మకాన్ని ఉంచారు. 2006 అసెంబ్లీ ఎన్నికల్లో ఆయనకు మళ్లీ ఎడప్పాడి టికెట్ ఇచ్చారు. అప్పుడు కూడా ఆయన పీఎంకే అభ్యర్థి చేతిలో 6,347 ఓట్లతో ఓడిపోయారు. కానీ, పార్టీ ఆయనకు ప్రతిసారీ అవకాశం ఇస్తూనే వచ్చింది. అలా, 1991 నుంచి 2011 మధ్య ఆయన ఒక్కసారి జరిగిన ఎన్నికల్లో మినహా, ప్రతి సారీ పోటీ చేసి ఓడిపోయారు. కానీ పళనిస్వామి తన ప్రయత్నాలు వదల్లేదు. రాజకీయ కార్యకలాపాలు ఆపలేదు. 2011లో ఆయనకు మరోసారి ఎడప్పాడి నుంచి పోటీ చేసే అవకశం వచ్చింది. ఈసారీ గెలిచిన ఆయన 20 ఏళ్ల తర్వాత అసెంబ్లీలో అడుగుపెట్టారు. అప్పుడు ఆయన మంత్రి కూడా అయ్యారు. అదే సమయంలో అన్నాడీఎంకేలోని నలుగురు అగ్ర నేతల్లో ఒకరుగా స్థానం సంపాదించారు. 2016 ఎన్నికల్లో ఆయనకు మళ్లీ తన సీటు నుంచి పోటీ చేసే అవకాశం వచ్చింది. పార్టీ ప్రభుత్వం ఏర్పాటు చేయడంతో మళ్లీ మంత్రి కూడా అయ్యారు. వరుస అపజయాలు ఎదురైనా ఆయనకు అలా పార్టీ టికెట్ దక్కుతూనే వచ్చింది. అగ్ర నాయకత్వం అండ లభించింది. శశికళ పళనిస్వామిని తన నమ్మిన బంటుగా భావించడం కూడా దానికి ఒక కారణం. జయలలిత కేఏ సెంగొట్టయన్‌ను నిర్లక్ష్యం చేసినప్పుడు కూడా, పళనిస్వామిని తనకు నమ్మకస్తుడుగా భావించారు. జయలలిత చనిపోయాక ఆయనే ముఖ్యమంత్రి అవుతారని అందరూ అనుకున్నారు. కానీ, ఆ సమయంలో సీఎం కుర్చీలో ఉన్న ఓ.పన్నీర్ సెల్వంకే ఆ బాధ్యతలు అప్పగించారు. పార్టీ అంతర్గత రాజకీయాల వల్ల, పన్నీర్ సెల్వం ముఖ్యమంత్రి పదవి వీడినప్పుడు, శశికళను అన్నాడీఎంకే శాసనసభాపక్ష నేతగా ఎన్నుకున్నారు. ప్రభుత్వం ఏర్పాటు చేయడానికి తమను ఆహ్వానించాలని ఆమె గవర్నర్‌ను కోరారు. కానీ, గవర్నర్ ఆమెతో ప్రమాణ స్వీకారం చేయించడం ఆలస్యమైంది. ఆ లోపు ఆదాయానికి మించిన ఆస్తుల కేసులో సుప్రీంకోర్టు తీర్పు కూడా వచ్చింది. దీంతో, శశికళ చిక్కుల్లో పడ్డారు. గవర్నర్ నుంచి ప్రభుత్వ ఏర్పాటుకు ఆహ్వానం వస్తుందని ఎదురుచూసిన శశికళ, సుప్రీంకోర్టు తీర్పుతో జైలుకు వెళ్లాల్సి వచ్చింది. అలాంటి సమయంలో శశికళ ముఖ్యమంత్రి పదవికి ఎడప్పాడి పళనిస్వామిని ఎంచుకున్నారు. తెర వెనుక నుంచి ఆయన్ను తమ అదుపులో ఉంచుకోవచ్చని అప్పుడు శశికళ కుటుంబం అనుకుంది. పళనిస్వామి 2017 ఫిబ్రవరి 14న ముఖ్యమంత్రిగా ప్రమాణం చేశారు. కానీ, ఆయన పార్టీని తన నియంత్రణలోకి తెచ్చుకుంటారని శశికళ సహా ఎవరూ ఊహించలేదు. శశికళ, టీటీవీ దినకరన్ ప్రభావం నుంచి బయటపడిన పార్టీని తన చేతుల్లో ఉంచుకోగలిగారు. మొదట్లో నెమ్మదిగా ఉన్న ఆయన తర్వాత వేగం పెంచారు. ప్రభుత్వంలో, పార్టీలో ప్రతి ఒక్కరూ తన కోసమే పనిచేసేలా చూసుకున్నారు. చివరికి ఓ పన్నీర్ సెల్వంను కూడా తనవైపు తిప్పుకోగలిగారు. టీటీవీ దినకరన్ మద్దతుదారుల నుంచి రాజీనామాలు తీసుకున్నారు. పళనిస్వామి ప్రభుత్వం ఏర్పాటు చేయడానికి అవసరమైన సంఖ్యాబలాన్ని కూడా కూడగట్టారు. తర్వాత వచ్చే ఎన్నికల కోసం తనను ముఖ్యమంత్రి అభ్యర్థిగా ప్రకటించుకోడానికి అవసరమైన అన్ని ఏర్పాట్లూ పూర్తి చేసుకున్నారు. కామరాజ్, భక్తవత్సలం, కరుణానిధి, ఎంజీఆర్, జయలలిత తర్వాత పళనిస్వామి తమిళనాడులో ఎక్కువకాలం ముఖ్యమంత్రిగా ఉన్న నేత కూడా అయ్యారు. అయితే తనను ముఖ్యమంత్రి అభ్యర్థిగా ప్రకటించుకుని ఆయన, ఎలాంటి విజయం సాధించలేకపోయారు అనేది కూడా వాస్తవమే. పళనిస్వామి సీఎం పదవిలో కొనసాగడం, రాజకీయాల్లో నిలదొక్కుకోవడం అనేది అంత సులభంగా జరగలేదు. ఇప్పుడు 2021 అసెంబ్లీ ఎన్నికలు తమిళనాడులోని చాలా మంది నేతల, పార్టీల భవితవ్యాన్ని తేల్చనున్నాయి. వారిలో ఎడప్పాడి పళనిస్వామి ఒకరు. కానీ, ఆయన కొంతకాలం పాటు సీఎం ఖాళీని భర్తీ చేసి, ఆ తర్వాత కనిపించకుండా పోయే రకం వ్యక్తి కాదు. రాష్ట్రంలో అధికారంలో ఉన్నప్పుడు ఆయన తనకంటూ ఒక స్థానాన్ని ఏర్పరుచుకున్నారు. ఇవి కూడా చదవండి: (బీబీసీ తెలుగును ఫేస్‌బుక్, ఇన్‌స్టాగ్రామ్‌, ట్విటర్‌లో ఫాలో అవ్వండి. యూట్యూబ్‌లో సబ్‌స్క్రైబ్ చేయండి)",జయలలిత చనిపోయిన కొన్ని రోజులకే అన్నాడీఏంకే పార్టీ రెండుగా చీలిపోయింది.,<extra_id_0>..,"తమిళనాడు ముఖ్యమంత్రి ఎడప్పాడి పళనిస్వామి ఒక పెద్ద వర్గానికి మాజీ ముఖ్యమంత్రి పన్నీర్ సెల్వం నాయకత్వం వహిస్తే, శశికళ నేతృత్వంలో మరో వర్గం ఎడప్పాడి పళనిస్వామిని ముఖ్యమంత్రిగా చేసింది.","తమిళనాడు ముఖ్యమంత్రి ఎడప్పాడి పళనిస్వామి ఒక పెద్ద వర్గానికి మాజీ ముఖ్యమంత్రి పన్నీర్ సెల్వం నాయకత్వం వహిస్తే, శశికళ నేతృత్వంలో మరో వర్గం ఎడప్పాడి పళనిస్వామిని ముఖ్యమంత్రిగా చేసింది. ఈ ఘటన చిన్నదే అయినా పళనిస్వామి నాటకీయ పరిణామాల తర్వాత సీఎం అయ్యారు. అన్నాడీఎంకే పార్టీ ఓ.పన్నీర్ సెల్వంను మూడు సార్లు ముఖ్యమంత్రి పదవిలో కూర్చోపెట్టింది."
india-52804955,telugu,"పంజాబ్, హర్యానా, చండీగఢ్, దిల్లీలలో అధిక ఉష్ణోగ్రతలు ఉంటాయని రెడ్ అలెర్ట్ కూడా జారీ చేసింది. భారత వాతావరణ శాఖ విడుదల చేసిన వివరాల ప్రకారం హైదరాబాద్ లో మే 26 వ తేదీన 42. 3 డిగ్రీల ఉష్ణోగ్రత నమోదైంది. తెలంగాణ, ఆంద్ర ప్రదేశ్ లలో కూడా ఉష్ణోగ్రతలు 47 డిగ్రీలకి పెరిగే అవకాశం ఉందని, పెరిగిన ఉష్ణోగ్రతలు మరో ఐదు రోజుల పాటు ఉండే అవకాశం ఉందని ఐ ఎం డి శాస్త్రవేత్త డాక్టర్ ఎం కుమార్ హెచ్చరించారు. మే 25 వ తేదీ నాడు పశ్చిమ రాజస్థాన్‌లోని చురు లో 47. 5 డిగ్రీల సెల్సియస్ ఉష్ణోగ్రత నమోదు కాగా ఉత్తర్ ప్రదేశ్లోని ప్రయాగ్ రాజ్ లో 47. 1 డిగ్రీల సెల్సియస్ నమోదైంది. ఈ ఉష్ణోగ్రతలు మరింత పెరగనున్నాయని వాతావరణ శాఖ అధికారులు హెచ్చరిస్తున్న నేపథ్యంలో వివిధ వయస్సుల ప్రజలు ఎటువంటి జాగ్రత్తలు తీసుకోవాలో డాక్టర్ కవిత రమేష్, క్రిటికల్ కేర్ నిపుణురాలు, పల్మనాలజిస్ట్ బీబీసీ న్యూస్ తెలుగు కి వివరించారు. వేసవిలో సాధారణంగా వడ దెబ్బ తగలడం, డీహైడ్రేషన్ అవ్వడం లాంటి సమస్యలు తలెత్తుతాయి. మండే ఎండల నుంచి కాపాడుకోవడానికి వీలైనంతవరకు ఎండలో బయటకి వెళ్ళకపోవడం మంచిది. ఇంకా ముఖ్యమైన పనులు ఉంటే ఎండ తీవ్రత పెరగకముందే పొద్దున్న 10 గంటల లోపు, లేదా సాయంత్రం ఆరు గంటల తర్వాత వెళితే కొంత వరకు మేలు. ఎండలోంచి వచ్చిన తర్వాత ఏ మాత్రం తల తిరుగుతున్నట్లు ఉన్నా, కళ్ళు మసకబారినా అది వడదెబ్బ లక్షణమని, అలాంటి పరిస్థితుల్లో వెంటనే డాక్టర్‌ను సంప్రదించడం మంచిదని సూచించారు. రెడీ మేడ్ ఫ్రూట్ జ్యూస్ లు, కోలాలు లాంటివి శరీరానికి హాని చేసే అవకాశం ఉంది వేసవి నుంచి రక్షించుకోవడానికి సూచనలు మిట్ట మధ్యాహ్నం ఎండలో బయటకి వెళ్లకుండా ఉండటంతో పాటు నీటిని ఎక్కువ మోతాదులో తాగాలి. పురుషులు అయితే కనీసం 3.5 లీటర్లు, మహిళలు కనీసం 3 లీటర్లు, పిల్లలు 2 లీటర్ల నీరు కనీసం తీసుకోవాలి. ఒక వేళ తప్పని సరి పరిస్థితుల్లో బయటకి వెళ్ళవలసి వస్తే గొడుగు పట్టుకుని వెళ్లడం, టోపీ పెట్టుకోవడం, సన్ స్క్రీన్ వాడటం తప్పని సరి. వృద్ధులు, కిడ్నీ, గుండె సంబంధిత వ్యాధులు ఉన్నవారు బయటకి వెళ్లడం పూర్తిగా తగ్గించి ఇంట్లోనే ఉండటం మంచిది. డాక్టర్ దగ్గరకి వెళ్ళవలసి వచ్చినప్పుడు ముందుగానే డాక్టర్ అప్పాయింట్మెంట్ తీసుకుని వెళ్లడం ద్వారా ఎక్కువ సమయం వేచి ఉండే పని తగ్గుతుందని చెప్పారు. వ్యాయామం చేసేవారు ఉష్ణోగ్రతలు ఎక్కువ ఉన్నప్పుడు శరీరం పూర్తిగా అలిసిపోయేలాంటి వ్యాయామాలు చేయకుండా తేలిక పాటి వ్యాయామాలు చేయాలి. అలాగే ఆటలు ఆడేవారు ఆడిన తర్వాత మాత్రమే కాకుండా ముందుగానే శరీరానికి కావల్సిన నీటిని తాగడం వలన శరీరానికి కావల్సిన హైడ్రేషన్ లభిస్తుంది. దీంతో తొందరగా అలిసిపోకుండా ఉంటారు. వేసవిలో తేలికపాటి ఆహరం తీసుకోవాలి వేసవిలో పిల్లలకి స్కూళ్ళు సెలవులు కావడంతో పిల్లలు ఎక్కువగా బయటకి వెళ్లి స్నేహితులతో ఆడుకోవడానికి ఆసక్తి చూపిస్తారు. వీరు క్రికెట్ అవీ ఆడి అలిసిపోతూ ఉంటారు. ఎండ ఎక్కువగా ఉన్న సమయంలో బయటకి ఆటలకి పంపకపోవడం మంచిది. అంతే కాకుండా ఫ్రిడ్జ్ లో ఉండే రెడీ మేడ్ ఫ్రూట్ జ్యూస్ లు, కోలాలు లాంటివి శరీరానికి హైడ్రేషన్ అందించకపోగా అవి మరింత హాని చేస్తాయని చెప్పారు. పిల్లల కోసం ప్రత్యేకంగా ఒక వాటర్ బాటిల్ పెట్టి వారు కచ్చితంగా అవసరమైన మోతాదులో నీరు తాగేలా చేయాలి. కొబ్బరి నీరు, ఫ్రూట్ జ్యూస్ లాంటివి ఇవ్వడం ద్వారా శరీరానికి కావాల్సిన లవణాలు,పోషకాలు అందుతాయని చెప్పారు. అయితే అన్ని వర్గాల వారికి ఇంటిలోనే ఉండటం సాధ్యం కాదు. ఉద్యోగంలో భాగంగా కొంత మంది ఎండలోనే రోజంతా ఉండి పని చేయవలసిన పరిస్థితి ఉంటుంది. అటువంటి వారు కచ్చితంగా తమతో పాటు మంచి నీరు, మజ్జిగ లాంటివి తీసుకుని వెళ్లి ప్రతి గంటకి తాగుతూ ఉండాలి. తలని కప్పుకునేందుకు స్కార్ఫ్ కానీ, టోపీ కానీ, గొడుగు కానీ వాడాలి. పూర్తిగా ఎండలోనే ఉండకుండా మధ్య మధ్యలో నీడలోకి వెళ్లడం లాంటివి చేయాలి. ఐస్ ప్యాక్ లాంటివి వాడాలి. మజ్జిగ, బార్లీ, కొబ్బరి నీరు తీసుకోవడం మేలని సూచించారు. అధిక ఉష్ణోగ్రతలు గర్భిణీలని మరింత ఇబ్బందులకు గురి చేస్తాయి. వీరు శరీరానికి తగిన హైడ్రేషన్ ఉండేటట్లు చూసుకోవాలి. అధిక మొత్తంలో మంచి నీరు, ద్రవ పదార్ధాలు తీసుకుంటూనే వీలయితే చాలా తేలికపాటి వ్యాయామం చెయ్యాలి. ఇది ఎండ తగ్గాక సాయంత్రం పూట చేస్తే మంచిది. పోషకాలు పోకుండా కొబ్బరి నీరు, రాగి మాల్ట్ లాంటివి తీసుకోవాలి. వేసవిలో ఎలాంటి ఆహారం మంచిది? వేసవిలో లభించే మామిడి పళ్ళు, ముంజులూ, పుచ్చకాయ, కర్బూజ లాంటి పళ్ళు దోసకాయ లాంటి కూరలు శరీరానికి మంచిదని కవిత చెప్పారు. వేసవిలోచెమటని పీల్చుకుని గాలిని అందించే తేలికపాటి కాటన్ వస్త్రాలు వాడాలి. నలుపు రంగు, సిల్క్ వస్త్రాలు వాడటం మానేయాలి. ఇలాంటి చిన్నపాటి చర్యలు పాటించడం ద్వారా మనల్ని మనం అధిక ఉష్ణోగ్రతల నుంచి రక్షించుకోవచ్చని కవిత వివరించారు. ఇవి కూడా చదవండి (బీబీసీ తెలుగును ఫేస్‌బుక్, ఇన్‌స్టాగ్రామ్‌, ట్విటర్‌లో ఫాలో అవ్వండి. యూట్యూబ్‌లో సబ్‌స్క్రైబ్ చేయండి.)",దేశవ్యాప్తంగా అనేక ప్రాంతాలలో వేసవి ఉష్ణోగ్రతలు పెరుగుతున్నట్లు భారత వాతావరణ శాఖ ప్రకటించింది.,<extra_id_0>..,"పంజాబ్, హర్యానా, చండీగఢ్, దిల్లీలలో అధిక ఉష్ణోగ్రతలు ఉంటాయని రెడ్ అలెర్ట్ కూడా జారీ చేసింది.","పంజాబ్, హర్యానా, చండీగఢ్, దిల్లీలలో అధిక ఉష్ణోగ్రతలు ఉంటాయని రెడ్ అలెర్ట్ కూడా జారీ చేసింది. భారత వాతావరణ శాఖ విడుదల చేసిన వివరాల ప్రకారం హైదరాబాద్ లో మే 26 వ తేదీన 42. 3 డిగ్రీల ఉష్ణోగ్రత నమోదైంది."
india-45162542,telugu,"తండ్రి నానా పాటిల్‌తో హౌసాబాయి పాటిల్ అంతకు ముందు మహాత్మా గాంధీ ప్రభావంతో నానా పాటిల్ తన ప్రభుత్వ ఉద్యోగాన్ని కూడా వదులుకుని, జాతీయోద్యమంలోకి దూకారు. గాంధీజీ నేతృత్వంలో సహాయ నిరాకరణోద్యమంలో పాల్గొన్న తర్వాత 1942లో నానా పాటిల్ సతారాలో సమాంతర ప్రభుత్వాన్ని ఏర్పాటు చేశారు. గ్రామగ్రామానికి తిరిగి ఆయన స్వదేశీ ఉత్పత్తుల ప్రాధాన్యాన్ని, బ్రిటిష్ పాలనను కూలదోయాల్సిన అవసరాన్ని వివరించేవారు. సమాంతర ప్రభుత్వంలో భాగంగా ప్రతి గ్రామంలో 'గ్రామ కమిటీలు' ఏర్పాటు చేశారు. అవి సమాంతర ప్రభుత్వం మార్గదర్శకంలో పనిచేసేవి. క్రాంతిసింహ్ నానా పాటిల్ సారధ్యంలోని ఈ ఉద్యమం బ్రిటిషర్లను అయోమయంలో పడవేసింది. పాటిల్‌ను పట్టించేవారికి బహుమతి ఉంటుందని ప్రకటించారు. అయినా లాభం లేకపోగా, ఆయన రహస్య కార్యక్రమాలు మరింత ఊపందుకున్నాయి. హౌసాబాయి పాటిల్ పాటిల్ ఎక్కడ సమావేశం నిర్వహించినా, బ్రిటిష్ పాలనకు వ్యతిరేకంగా చాలా తీవ్రంగా ప్రసంగించేవారు. ప్రజలు ఆయన కంచుకంఠానికి ఆకర్షితులయ్యేవారు. దాంతో చాలా మంది యువత బహిరంగంగానే ఆ సమాంతర ప్రభుత్వం కోసం పని చేయడం ప్రారంభించారు. క్రాంతిసింహ్ పాటిల్ కుమార్తె, 93 ఏళ్ల హౌసాబాయి పాటిల్ ప్రస్తుతం సాంగ్లి జిల్లాలోని హన్మాన్‌వడియె గ్రామంలో నివసిస్తున్నారు. బీబీసీతో మాట్లాడుతూ ఆమె తన తండ్రి జ్ఞాపకాలను పంచుకున్నారు. ఆయుధాగారంపై దాడి ఆ రోజుల్లో సమాంతర ప్రభుత్వానికి అవసరమైన ఆయుధాలను హౌసాబాయి సమకూర్చేవారు. నాటి అనుభవాలను గుర్తు చేసుకుంటూ ఆమె ''సాంగ్లి జిల్లాలోని భవానీ నగర్ పోలీస్‌స్టేషన్‌ ఆయుధాగారం నుంచి ఆయుధాలను ఎత్తుకొచ్చే బాధ్యతను నాకు అప్పగించారు. పట్టపగలు ఆయుధాలను అలా ఎత్తుకురావడమంటే పులి నోట్లో తల పెట్టడం లాంటిది. కానీ నేను ఎలాగైనా ఆ పని పూర్తి చేయాల్సిందే'' అని చెప్పారు. ''నా సహచరులలో కొంతమందిని తీసుకుని పోలీస్‌స్టేషన్ కాంపౌండ్‌లోకి ప్రవేశించాను. వారిలో ఒకరు నాకు సోదరుడిగా నటించాడు. పోలీసుల ఎదురుగా నా భర్త వద్దకు ఎందుకు వెళ్లవంటూ నన్ను కొట్టడం ప్రారంభించాడు. నా తల మీద విసరడానికి పెద్ద రాయి తీసుకున్నాడు. అప్పుడు ఇద్దరు పోలీసులు వచ్చి అతణ్ని ఆపడానికి ప్రయత్నించారు. అలా మేం మా నాటకాన్ని కొనసాగించాం. ఈలోగా మిగిలిన మా వాళ్లు పోలీసుస్టేషన్‌లో ప్రవేశించి తుపాకులు, తూటాలు తీసుకుని పారిపోయారు'' అని తెలిపారు. సహచరులతో క్రాంతిసింహ్ నానా పాటిల్ 'ప్రజలకు నిజంగా స్వాతంత్ర్యం వచ్చిందా?' 'క్రాంతిసింహ్ పాటిల్ తన జీవితమతా అడవుల్లో తిరుగుతూ, రహస్య జీవితం గడుపుతూ సమాంతర ప్రభుత్వాన్ని నడిపారు. కానీ ఇప్పటికీ ఒక ప్రశ్న నన్ను వేధిస్తోంది. ప్రజలకు నిజంగా స్వాతంత్ర్యం వచ్చిందా? ఇప్పటికీ మనం జనానికి కూడు, గూడులాంటి ప్రాథమిక అవసరాలను తీర్చలేకపోవడం చూస్తే ఆ అనుమానం కలుగుతోంది'' అన్నారు హౌసాబాయి. ప్రస్తుత ప్రభుత్వం గురించి మాట్లాడుతూ ఆమె, ''మా నాన్న క్రాంతిసింహ్ పాటిల్ కనుక ఇప్పుడు జీవించి ఉంటే, ఈ ప్రభుత్వాన్ని మూడు రోజులలో కూలదోసేవాళ్లు'' అన్నారామె. నానా పాటిల్‌కు హౌసాబాయి ఒక్కగానొక్క కుమార్తె. హౌసాబాయికి మూడేళ్ల వయసులోనే తల్లి మరణించింది. తండ్రి నిరంతరం స్వాతంత్ర్యం సంగ్రామంలో నిమగ్నుడై ఉండడం వల్ల కూతురితో ఎక్కువ సమయం గడపలేకపోయేవాడు. దానికి తోడు ఆయన రహస్య జీవితం కారణంగా హౌసాబాయి తన జీవనం కోసం చాలా కష్టపడాల్సి వచ్చేది. ఆ క్రమంలోనే ఆమె వ్యక్తిత్వంలో దేశభక్తి బీజాలు నాటుకున్నాయి. ఆ తర్వాత ఆమె పూర్తిగా సమాంతర ప్రభుత్వ కార్యకలాపాలలో నిమగ్నమయ్యారు. రహస్య జీవితం గడిపే కార్యకర్తలకు సందేశాలు చేరవేయడం, ఆహారాన్ని అందించడం, ఆయుధాలను రవాణా చేయడంలాంటి పనులన్నీ ఆమె చేసేవారు. నానా పాటిల్‌ను ఆశీర్వదిస్తున్న మహిళలు ఉద్యమంలో తన పాత్ర గురించి వివరిస్తూ ఆమె, ''రహస్య సందేశాలను తీసుకెళ్లేప్పుడు పోలీసులు వాటిని కనిపెట్టలేకుండా వాటిని మా జుట్టులో దాచుకునేవాళ్లం. లేకపోతే మా పాదాలకు అతికించుకునేవాళ్లం.'' ''ఒకసారి, నేను మరో కార్యకర్త వెళ్తుంటే బ్రిటిష్ అధికారులు మమ్మల్ని ఆపి, ప్రశ్నించడం ప్రారంభించారు. అప్పుడు మేం ఒక రహస్య సందేశాన్ని మోసుకెళ్తున్నాం. దాంతో జరగబోయేది అర్థమై నేనా చీటిని నోట్లో వేసుకుని మింగేశాను. దాంతో మేం సురక్షితంగా బయటపడ్డాం'' అని తెలిపారు. ''నేను నా తండ్రితో పాటు స్వాతంత్ర్య పోరాటంలో పాల్గొన్నాను. అలాగే ఇతర మహిళలు కూడా పాల్గొనేలా చేశాను. ఆ సమాంతర ప్రభుత్వం ప్రభావం ఎంత శక్తిమంతంగా ఉండేదంటే, పంట నూర్చే మహిళలు కూడా విప్లవకారులను కీర్తిస్తూ పాటలు పాడేవాళ్లు'' అని ఆమె తెలిపారు. నానా పాటిల్ తన కూతురిని స్వాతంత్ర్య సంగ్రామంలో పాల్గొన్న మరో యోధుడు భగవాన్‌రావ్‌కు ఇచ్చి వివాహం జరిపించారు. పెళ్లిలో ఎలాంటి కట్నమూ లేదు, ఎలాంటి ఆడంబరాలూ లేవు, ఎలాంటి వేడుకలూ జరపలేదు. కేవలం నవదంపతులిద్దరూ దండలు మార్చుకున్నారంతే. ప్రస్తుత పరిస్థితులపై హౌసాబాయి ''మనం కేవలం ఆంగ్లేయులను వెళ్లగొట్టి, మనవాళ్ల పాలనను తెచ్చుకున్నాం. అయితే ఎక్కడో, ఏదో తప్పు జరిగింది. ఆనాటి స్వాతంత్ర్య యోధుల పోరాటాలతో సిద్ధించిన స్వాతంత్ర్యం ఇవాళ అస్తవ్యస్తంగా మారుతోంది'' అన్నారు. ఇవికూడా చదవండి (బీబీసీ తెలుగును ఫేస్‌బుక్, ఇన్‌స్టాగ్రామ్‌, ట్విటర్‌లో ఫాలో అవ్వండి. యూట్యూబ్‌లో సబ్‌స్క్రైబ్ చేయండి.)",అది 1942. బ్రిటిష్ ప్రభుత్వానికి వ్యతిరేకంగా దేశంలో 'క్విట్ ఇండియా' ఉద్యమం ఉద్ధృతంగా కొనసాగుతున్న రోజులవి. అప్పుడే క్రాంతిసింహ్ నానా పాటిల్ మహారాష్ట్రలోని సతారా జిల్లాలో సమాంతర ప్రభుత్వానికి బీజాలు నాటారు.,<extra_id_0>..,"తండ్రి నానా పాటిల్‌తో హౌసాబాయి పాటిల్ అంతకు ముందు మహాత్మా గాంధీ ప్రభావంతో నానా పాటిల్ తన ప్రభుత్వ ఉద్యోగాన్ని కూడా వదులుకుని, జాతీయోద్యమంలోకి దూకారు.","తండ్రి నానా పాటిల్‌తో హౌసాబాయి పాటిల్ అంతకు ముందు మహాత్మా గాంధీ ప్రభావంతో నానా పాటిల్ తన ప్రభుత్వ ఉద్యోగాన్ని కూడా వదులుకుని, జాతీయోద్యమంలోకి దూకారు. గాంధీజీ నేతృత్వంలో సహాయ నిరాకరణోద్యమంలో పాల్గొన్న తర్వాత 1942లో నానా పాటిల్ సతారాలో సమాంతర ప్రభుత్వాన్ని ఏర్పాటు చేశారు. గ్రామగ్రామానికి తిరిగి ఆయన స్వదేశీ ఉత్పత్తుల ప్రాధాన్యాన్ని, బ్రిటిష్ పాలనను కూలదోయాల్సిన అవసరాన్ని వివరించేవారు."
